perturbation,centered_pearson,rmse
AATF,-0.452283758730057,0.13309044097235745
ABL1,-0.37739610496679526,0.08754653933874405
ACTL6A,-0.17280874338277932,0.11327084053990458
ADAR,-0.45002436201267243,0.08391356444920574
ADNP2,-0.344259102190686,0.11158094436770605
ADNP,-0.37171289137547775,0.09973200267689199
AEBP2,-0.3818724987590052,0.06330056349990695
AFF1,-0.18767267665945997,0.09584199587024725
AFF2,-0.38433625256493414,0.0896369196245586
AFF3,-0.2697845296199791,0.06993525398606128
AFF4,-0.4276901461434305,0.1367965311044328
AHRR,-0.24025055274578735,0.07650829554739091
AHR,-0.2802274763854047,0.09064224060114202
AIRE,-0.24960300028261928,0.0907044330474752
AKNA,-0.6978677291855102,0.12793554630615522
ALX1,-0.19217096152600782,0.09426761758525619
ALX3,-0.2601920878681635,0.07500741195537682
ALX4,-0.29938648105921956,0.1456282365645495
ALYREF,-0.4916116399875382,0.11644005058828749
ANHX,-0.4355253645873942,0.07474807843472732
ANKRD30A,-0.16633306925623775,0.076062177488743
AP2B1,-0.27734671738187505,0.12729262221843088
APEX1,-0.3999880762079321,0.13034972809362227
ARGFX,0.012985259700008944,0.06079411352323806
ARHGAP35,-0.08434941940877831,0.0918250808452225
ARID1A,-0.580446140612414,0.1302548054707694
ARID1B,-0.17899720652285206,0.07770673271044462
ARID2,-0.5778605279944968,0.17640639515786105
ARID3A,-0.17416907052086056,0.07028443131601501
ARID3B,-0.026542773625331303,0.07828889884593064
ARID3C,-0.49658972002697294,0.1162230533918984
ARID4A,-0.4919718890835647,0.10368814418749606
ARID4B,-0.23681488221025662,0.11105052872201517
ARID5A,-0.11276434283190843,0.06365244895199812
ARID5B,-0.6034127738567939,0.08878299373706675
ARNT2,-0.5895989868601444,0.0814680541227704
ARNTL2,0.20956534797193324,0.07333025648352415
ARNTL,-0.38180728531760705,0.09437453105677626
ARNT,-0.4942520486255974,0.08180346613709695
ARX,-0.35649090189136307,0.10600717009713946
AR,-0.38659508648499036,0.08339669660657527
ASCL1,-0.3550798591759868,0.17257230696410528
ASCL2,0.17055161183228365,0.09411754392844424
ASCL3,-0.313097944619344,0.07714796287942828
ASCL4,-0.019060112124748608,0.10425820214113016
ASCL5,0.3185207327191446,0.09177710480259131
ASH1L,-0.2525037137964774,0.07962119578228954
ATF1,-0.5368472544938203,0.0828990394406743
ATF2,-0.5498659890175197,0.08768124993098741
ATF3,-0.5322692878079989,0.07331283950294225
ATF4,-0.20727506555621739,0.07490565517347386
ATF5,-0.6309732375412697,0.09212661731159429
ATF6B,-0.31016209422723734,0.0974600645725289
ATF6,-0.15044915358349004,0.0783757968220418
ATF7,-0.5811077510598031,0.09211039086679519
ATMIN,-0.38669121003295737,0.09325409603203788
ATOH1,-0.3742750396634852,0.06039545090396408
ATOH7,-0.33355083137017,0.13695535736637351
ATOH8,-0.09779265497941884,0.10296130588120554
BACH1,-0.24646666012444843,0.08684077044378274
BACH2,-0.3307721427112835,0.08162754514068944
BARHL1,-0.14002930457126744,0.08321618059833606
BARHL2,-0.4312379911645721,0.11606439655929618
BARX1,-0.0882255823869246,0.08170040189090927
BARX2,-0.584151541127585,0.08037556058335242
BATF2,-0.21426305196063053,0.11293301276335312
BATF3,-0.298517318551696,0.06307654080462229
BATF,-0.045792486227127116,0.07767967945010976
BAZ1B,-0.40155783129817335,0.11771958616351295
BAZ2A,-0.33344394122497817,0.0944816317483835
BAZ2B,-0.07294359490283953,0.08829504827324186
BBX,-0.4219218200480781,0.12961146694687126
BCL11A,-0.33837027682001475,0.13728925922813215
BCL11B,-0.34635417365526344,0.12663588621002458
BCL3,-0.4552386126426426,0.05953929958102213
BCL6B,-0.42516366202045175,0.10500302070357735
BCL6,-0.18535077666176172,0.09951284792170169
BCLAF1,-0.3102328443908119,0.07511024759754537
BDP1,-0.7250463786045296,0.11902134427425085
BHLHA15,-0.34145176482007755,0.09496157308412108
BHLHA9,-0.015293545740892877,0.09457327907767042
BHLHE22,-0.23788455626502394,0.08979994356825848
BHLHE23,-0.38967426249636544,0.07899777579977954
BHLHE40,0.25181107557915633,0.12242752995304784
BHLHE41,0.009504855151245491,0.08903875335688832
BID,-0.4057461915647598,0.06888974734039613
BLZF1,-0.4749283928775925,0.08006043675815652
BNC1,-0.42120214577457166,0.1272274409712722
BNC2,-0.5109380107583965,0.10367554650307827
BNIP3,-0.17982182282516515,0.07436363741626369
BORCS8-MEF2B,-0.47284856107393597,0.11211311640268509
BPTF,-0.1719497021299606,0.07231640610019882
BRCA1,-0.10612387802941833,0.09097465166791296
BRIP1,-0.173057305981262,0.08492508008486872
BRPF1,-0.46192928355688234,0.1125910001888598
BSX,-0.38283927044573957,0.13096412125248824
BTAF1,-0.4731737584474624,0.12359249851290571
CAMTA1,-0.3973310238568003,0.062787496668676
CAMTA2,-0.5088152326859496,0.11608622113316273
CAPN15,0.06945688381170201,0.057342459646350846
CARF,-0.3567278252248327,0.10408581612291892
CARHSP1,-0.4309403106098136,0.09082554990000126
CASZ1,-0.5369404306129443,0.1429495399028743
CBFB,-0.5117613558879778,0.09427032425982469
CBX2,-0.3377018185367697,0.06594805799342879
CCDC169-SOHLH2,-0.21140314732877422,0.08055660024445747
CCN3,-0.5377757643237602,0.10643648707362116
CCNH,-0.23473280481945638,0.09911160348380665
CCNT1,-0.0425223688549982,0.07111676406175071
CCNT2,-0.34782234914779697,0.09191633385531459
CDC5L,-0.679179816073411,0.0954404588009323
CDCA7L,-0.4242609260309719,0.16960009870519743
CDIP1,-0.6525426469218298,0.13228102389033555
CDK1,-0.5024299994014957,0.1975748113773435
CDK2,-0.07300794226369821,0.08535877212913263
CDK7,0.0874525510022441,0.08446459468903206
CDK9,0.1777779673033586,0.06058057538805703
CDX1,-0.15263553135820657,0.0673448041003518
CDX2,-0.5623539349164629,0.18446665306375426
CDX4,0.18478361579079203,0.07421965353302591
CEBPA,-0.31888108480564276,0.14684743896820968
CEBPB,-0.6035001554862075,0.16506134773986053
CEBPD,-0.2448223141736345,0.10461676175239411
CEBPE,-0.5224481637428812,0.11512494776628027
CEBPG,-0.41128443326175645,0.0738948337691559
CEBPZ,-0.2016839994473941,0.07416087755358172
CERS3,-0.23194768873266963,0.07779128440902662
CERS4,-0.17740119259954562,0.06421767679642092
CERS5,-0.07113652258765188,0.09699994364121152
CERS6,-0.5010606858484274,0.08427496570389732
CHD3,-0.542122656515244,0.10319536754700785
CHD5,-0.49436567909375756,0.07214612081548163
CHD6,-0.6449296861176893,0.13565318792797032
CHD7,-0.490893870461275,0.08830999890256705
CHURC1,0.026216277636403645,0.07678293608993972
CIC,-0.49708180400202207,0.08541079464871516
CIITA,-0.39259349390940534,0.10318004692725864
CIZ1,-0.5107018592778286,0.10080585428481068
CLOCK,-0.19363345838278603,0.0670581375708286
CNBP,-0.14842032702566152,0.08859279648861937
CNOT3,-0.013253073635344776,0.09303194701604225
CRAMP1,-0.49725923618579365,0.06582543992438449
CREB1,0.05173020357079263,0.06602623035512306
CREB3L1,-0.20020484455742535,0.0794838429813934
CREB3L2,-0.3614420577325048,0.12085275665330404
CREB3L3,-0.4577875192255943,0.07520585078388546
CREB3L4,-0.5012019851711041,0.10972018669922205
CREB3,-0.1311057878514887,0.08739961175315941
CREB5,-0.6598768551570328,0.18365720642889008
CREBBP,-0.06336598919941511,0.11333533055740205
CREBL2,0.1700182058241769,0.07211466751947046
CREBZF,-0.4106439672051907,0.0872912238803888
CREM,0.00044289383152788336,0.11219511833767883
CRTC1,-0.2960574933904187,0.08117948328403786
CRTC2,-0.37754263750303546,0.1046296047143739
CRTC3,-0.4010685647270136,0.11204004498652415
CRX,-0.6366466824302076,0.13868806423595487
CSDC2,-0.4802799309977312,0.08694601877947838
CSDE1,-0.22315283665468552,0.11872949306192944
CTBP1,0.025782455751076048,0.07838679995677658
CTBP2,-0.3424300302002421,0.14253052107674788
CTCFL,-0.3713759632984018,0.07365063212051531
CTCF,-0.39632952870093846,0.06854414178202563
CTNNB1,-0.3166833802313125,0.06734206739072258
CUX1,-0.6823017460336768,0.06570812137713081
CUX2,-0.32483375394598923,0.10124979782937057
CXXC1,-0.20863696594547784,0.06810239005008592
DACH1,-0.2812689260366788,0.10599364290647452
DACH2,-0.3191416327626268,0.09626438201459064
DAXX,-0.6329522078727771,0.13026855749172703
DBP,-0.35659126753605996,0.06291317597009492
DBX1,-0.28436710297489254,0.07726339695838048
DBX2,-0.47803813204506784,0.12894723276111283
DCP1A,-0.36044843802991416,0.0622319821839434
DDB1,-0.31709218053361926,0.08472878223348149
DDB2,-0.16224857564659456,0.07455357481645994
DDIT3,-0.1738198593176494,0.10968402742442082
DEAF1,-0.09800721635741125,0.09026205141168803
DEK,-0.38501377953590193,0.09516459503707995
DENND4A,-0.5025391864656201,0.10378497319922815
DHX9,-0.32176296558502443,0.06606744736761179
DLX1,-0.6734352218337197,0.16665319657232044
DLX2,-0.32698906848545856,0.057685727505084425
DLX3,-0.7540071847232562,0.3426349651616318
DLX4,-0.5567390192529452,0.08524159641956205
DLX5,-0.32007639115455405,0.14136461024414673
DLX6,-0.4961214745654239,0.1130214164178668
DMAP1,-0.2502472701080837,0.06698787638784413
DMBX1,-0.3335329619327669,0.09523882141027878
DMRT1,-0.44698341592320845,0.12004858088218058
DMRT2,-0.4378481527929453,0.09979944224368524
DMRT3,-0.018154005519451764,0.09244483154768285
DMRTA1,-0.5641295356926977,0.07467767709082929
DMRTA2,-0.14324457505564586,0.08384965074573804
DMRTB1,-0.33460739156350233,0.11646797548164504
DMRTC1,-0.4788452676972385,0.08637589708730871
DMRTC2,-0.3555933818407214,0.07509425633033899
DMTF1,-0.008818933304386467,0.0840216658715698
DNAJC1,-0.3159647567532543,0.0821090600224465
DNAJC2,-0.5738989559850041,0.13698273542037606
DND1,-0.498814749216203,0.11072654640951199
DNMT1,-0.4341373000995067,0.08831481245233802
DPF2,-0.31388783911535356,0.09731428612875358
DPRX,-0.20981010782522821,0.0869705236517367
DR1,-0.38392390802348575,0.09435307811300032
DRAP1,0.01602664229785405,0.06215212741992267
DRGX,-0.28923592124033903,0.10077703618941258
DUX4,-0.24451275565756575,0.14851779908688045
DUXA,-0.26670031618700146,0.08907808271998893
E2F1,-0.20979055317066295,0.06478443787334366
E2F2,-0.3482525736276205,0.08066325135645334
E2F3,-0.6614375857261539,0.12917518826745486
E2F4,0.005525077264050037,0.09707882684513523
E2F5,-0.4976431658205421,0.10425665350823946
E2F6,-0.3627314067066312,0.0981638816599744
E2F7,-0.6084086514922143,0.10511493059442788
E2F8,-0.24105226423650042,0.08794232698547928
E4F1,0.24374433294707917,0.09847928912091683
EBF1,-0.5041735219668678,0.1373141906963406
EBF2,-0.3657524337683705,0.14312194222455207
EBF3,-0.19655756269546576,0.07830255003539387
EBF4,-0.31907569488420817,0.07643737927136225
EGR1,-0.31059716017585065,0.09969101465560262
EGR2,-0.13949011700376623,0.10182333687985404
EGR3,-0.5598575394755916,0.1427456976252217
EGR4,-0.4285631022377708,0.13142940018128027
EHF,-0.36682104130903287,0.08309607932239578
ELF1,-0.5022765196363699,0.11639176116703284
ELF2,-0.2827862096716105,0.06085130122704073
ELF3,-0.11411284369458963,0.06099993446423438
ELF4,-0.5787888251158575,0.10301059346555136
ELF5,-0.32316065792220006,0.10397865792024173
ELK1,-0.31615819336207474,0.1009612878914661
ELK3,-0.5248988131890893,0.09732312368445582
ELK4,-0.196125585041017,0.06990672150692918
ELOA,-0.23606331341324002,0.09324046107806616
ELOB,-0.35240679385554113,0.11630847470706869
ELOC,-0.04540778022845605,0.08038358417983194
ELOF1,-0.24626865281747812,0.10309233355655575
EMX1,-0.4292162865730198,0.08788096757882202
EMX2,-0.336532691127072,0.10798822491882512
EN1,-0.48982576000924066,0.10568303270913683
EN2,-0.23923581842168462,0.07414960603078946
ENO1,0.0014247080970858166,0.07580959691894437
EOMES,-0.07877616671217841,0.0937008522259315
EP300,-0.6271469421055895,0.16355893019885615
EP400,-0.09746041809466571,0.06182968191816783
EPAS1,-0.4904324519585079,0.09086545509643174
ERCC2,-0.27115334645880323,0.10126226607115266
ERCC3,-0.04929555051402261,0.08883047653476599
ERCC6,-0.5238250942399374,0.10128769602848725
ERCC8,-0.2616595750598611,0.07595959109034507
ERF,-0.6014848578519226,0.09641840138786506
ERG,-0.44005868120475317,0.08937294553057666
ESR1,-0.5931320564009872,0.10979918477511717
ESR2,-0.21161077649878848,0.09953592951569909
ESRRA,-0.7713847237890902,0.09071047652494896
ESRRB,-0.009860213598777695,0.07951548308353684
ESRRG,-0.564919044524647,0.08357661448603716
ESX1,-0.3031104402037982,0.12217914297088094
ETF1,0.2571790584133945,0.06575840823127183
ETS1,-0.2668231851496947,0.12277895841244547
ETS2,-0.5752784417308654,0.11935555237878334
ETV1,0.18226390994137523,0.07284136074310196
ETV2,-0.335793457982658,0.09742201015885651
ETV3L,-0.4623774646847002,0.09289023617456026
ETV3,-0.30483812644098063,0.0901238604124589
ETV4,-0.8121832289645987,0.12723641642716635
ETV5,-0.5762007062438333,0.09495608895752208
ETV6,-0.3402227776635077,0.08132015115555044
ETV7,-0.03017665507460834,0.08258014355869034
EVX1,-0.25854290323107126,0.06597030542105173
EVX2,-0.5942427667114697,0.10985505324296321
EWSR1,-0.543515921575754,0.059994734735275924
EZH1,-0.040394650166867774,0.07070357212336907
EZH2,0.08894820229640976,0.08841246357345851
FANCD2,-0.4182938870973414,0.10081685139560642
FERD3L,0.23205035825449305,0.08209643672861881
FEV,-0.38410904559847076,0.12636852626249834
FEZF1,-0.1490292420913683,0.06964280366083839
FEZF2,-0.4560627754752303,0.09354430592792563
FGF3,-0.42170399199176,0.08409827431768598
FIGLA,-0.1485714661601388,0.10657604736119931
FIZ1,-0.14196193192627976,0.0814731175794681
FLI1,-0.6584172855504746,0.13863581463669514
FLII,-0.5114384890205343,0.07251679613275368
FOSB,-0.32637385804667524,0.04421831138190053
FOSL1,-0.6689863751595003,0.07683237431732322
FOSL2,-0.5913904254810448,0.12730046466545256
FOS,-0.3246829297472651,0.12534136741161994
FOXA1,-0.6744674374998004,0.1134654463659322
FOXA2,-0.28894913088390684,0.09480890764483088
FOXA3,-0.6353248471667948,0.14988344255139066
FOXB1,-0.23158931710013653,0.08806552452750742
FOXB2,-0.3951698762297946,0.1418118538231436
FOXC1,-0.31681678063330454,0.1198567434167308
FOXC2,-0.49514417167590724,0.18580753557562416
FOXD1,-0.44064075559704885,0.132818711758293
FOXD2,-0.22801294236270267,0.0741828377623248
FOXD3,-0.42100615881096787,0.11038702640471107
FOXD4L1,-0.4119714501674042,0.14815538566747435
FOXD4L3,-0.17148860650427644,0.08043266249425331
FOXD4L4,-0.6987007308473915,0.12274014531436496
FOXD4L5,-0.4335843934172294,0.08996131022447651
FOXD4L6,-0.22335873524805544,0.10135707513341756
FOXD4,-0.43564062295515754,0.1025844097042937
FOXE1,-0.5379373958942661,0.19668150342745297
FOXE3,-0.4195860435609718,0.15131720684345065
FOXF1,-0.6490637808495522,0.1573596223934695
FOXF2,-0.4652147936020761,0.06873052754607076
FOXG1,-0.07057020504852039,0.0761291665701305
FOXH1,-0.6122552014304523,0.09683868522972286
FOXI1,-0.5669806731279239,0.12365654412263957
FOXI2,0.021452281379350825,0.10047650091916016
FOXI3,-0.5628983745849011,0.12227460385918397
FOXJ1,-0.6426578120179591,0.14310363694511452
FOXJ2,-0.16521878932315986,0.12474068030873621
FOXJ3,-0.21117347231646158,0.15266418924482883
FOXK1,-0.42639960932073584,0.06474849388689512
FOXK2,-0.4422691078633492,0.06603689634655728
FOXL1,-0.1972626319040898,0.10074914045788445
FOXL2,-0.3666892253529057,0.09213610556445861
FOXM1,-0.18060834090262431,0.07349665858822778
FOXN1,-0.21840171873761846,0.12009248277101764
FOXN2,-0.2599393901358623,0.08603932160863666
FOXN3,-0.16682640291503661,0.10546409232471601
FOXN4,-0.11270782572153872,0.07196082171622158
FOXO1,-0.1307220747428201,0.07595666022359392
FOXO3,-0.2133712760691686,0.07792777441877215
FOXO4,-0.28716821935000497,0.09970256877319049
FOXO6,0.11453635497307574,0.09303448283399636
FOXP1,0.08120589049218556,0.10802404569426806
FOXP2,-0.521795320656655,0.10582082599948354
FOXP3,-0.6629845315082002,0.09748440418734326
FOXP4,-0.362091263904533,0.1418180375519468
FOXQ1,-0.6836540106217693,0.06962089388583949
FOXR1,-0.417129509168003,0.11262019062823102
FOXR2,-0.5332828952452713,0.08193150770906889
FOXS1,-0.5620136083436362,0.12956939441693263
FUBP1,-0.47771538189474644,0.11481327794734876
FUS,-0.355081848374589,0.109074964742108
FXN,-0.6010838616316159,0.11139937187000297
GABPA,-0.01902494455866143,0.07765510099181912
GABPB1,-0.54762751120438,0.11491515765363022
GATA1,-0.31953362623189113,0.06273040472249851
GATA2,-0.5663138091087638,0.08983199147213825
GATA3,-0.6265525898916718,0.14908742363774463
GATA4,-0.043935883373704555,0.08363377910071157
GATA5,-0.4859929981120459,0.12924223507272975
GATA6,-0.7531889318733248,0.25234519633753144
GATAD2A,-0.5683937891657067,0.08565933914292932
GATAD2B,-0.41551794818633153,0.11511501700205859
GBX1,-0.4748349243894163,0.10462282954816653
GBX2,-0.1990136828562187,0.07009964831557146
GCFC2,-0.29300815044630046,0.10247165020299463
GCM1,-0.49492883040135266,0.14004755572936192
GCM2,0.08550532490360302,0.11411462823051594
GFI1B,-0.27997304406304585,0.10003065564876566
GFI1,-0.4014247125970589,0.09759134213902913
GLI1,-0.0868563674019239,0.10389926760690282
GLI2,-0.47070693945291986,0.09059241794987136
GLI3,-0.2966974630181104,0.10318637756786875
GLI4,0.04897825852772902,0.07415514246115464
GLIS1,-0.2162005763124104,0.11510324247461654
GLIS2,-0.5381705022072193,0.09787767619146426
GLIS3,-0.6377530456532416,0.141958903600127
GLMP,-0.2642625496072374,0.10456087373444052
GMEB1,-0.238158832048712,0.09760634522226473
GMEB2,-0.20202867210726094,0.08355376411988104
GON4L,-0.6953142418106991,0.13143794322730434
GRHL1,-0.26788245061963983,0.09546212115986186
GRHL2,-0.15946916318671422,0.05417270707142577
GRHL3,-0.1467214211853372,0.11276571295891942
GSC2,-0.5616165453618706,0.07560028151291394
GSC,-0.6354845012703552,0.11097553860483199
GSX1,-0.3640757702709476,0.08502976546823907
GSX2,-0.18675411731046618,0.09600811802049196
GTF2A1L,-0.05115871269787049,0.08996709246701996
GTF2A1,0.20129263773243783,0.05208270741655729
GTF2A2,-0.4095421888620464,0.11581127892860595
GTF2B,-0.5429481555056569,0.09767209064045468
GTF2E1,-0.5084080474042574,0.10867355019337514
GTF2F1,-0.2940497582142997,0.07936198399213715
GTF2F2,-0.11483775699324472,0.12506086999320493
GTF2H1,-0.4598435640647348,0.09066114536244514
GTF2H2,-0.4193497218866382,0.12191115371434008
GTF2H3,0.06894103068510471,0.07152512326677225
GTF2IRD1,-0.1726516207046164,0.05845668641131974
GTF2IRD2B,-0.41976407078815614,0.0814364509754154
GTF2IRD2,-0.378054051839326,0.125957237316006
GTF2I,-0.3857375992530581,0.07629115886336835
GTF3A,-0.39928314796420983,0.09324349573479597
GTF3C2,-0.1702086002314863,0.09494642576849449
GZF1,0.2401268057696049,0.05403963264321838
HAND1,-0.12296244258781373,0.08904648030473056
HAND2,-0.20323824540207297,0.06663564947164093
HBP1,0.01924520104983406,0.09738117432917012
HDAC1,-0.00038349736927208487,0.09363124171146289
HDAC3,-0.23602918207666565,0.06730704774572761
HDAC4,-0.3152886955307921,0.07754864822180264
HDAC5,-0.5539288390668038,0.12474789666719606
HDGF,-0.7248099405801621,0.10546757590857758
HDX,-0.6011937013883198,0.10479777419079658
HELT,-0.33150141604240835,0.13715040516925395
HELZ2,-0.7240839387120971,0.18175160359661105
HES1,-0.455308286825021,0.10450562623671844
HES2,-0.07935308401924492,0.0730768506105072
HES3,-0.5414489616053882,0.1487108194403797
HES4,-0.37311423403747807,0.15211685662821794
HES5,-0.42584577517277394,0.08778384614773331
HES6,-0.4200959929622199,0.05897842859646586
HES7,-0.44800769766290827,0.12761932972757026
HESX1,0.03823392083422943,0.0732502009830334
HEY1,-0.18055970708097885,0.07237426455589469
HEY2,-0.2558518515895866,0.0718914822433174
HEYL,-0.01848583496224984,0.059391236387063374
HHEX,-0.6004780049200344,0.14747659214934455
HIC1,-0.09671742869839921,0.07604910936953817
HIC2,-0.631241910709806,0.12250265040262368
HIF1A,-0.19894713522268984,0.056859697777805356
HIF3A,-0.8165304062903866,0.10388437765858251
HINFP,-0.4629414770350476,0.0789033615926712
HIVEP1,-0.10809632199984624,0.0735856789525683
HIVEP2,-0.36448794803641893,0.09955788609768493
HIVEP3,0.0643838954551451,0.08797827106868614
HLF,-0.47365603443981924,0.11648351756065956
HLTF,-0.4852558090687816,0.15027208017886903
HLX,-0.3723717676425983,0.10506014459867426
HMBOX1,-0.36969321224273144,0.1021386422182801
HMG20A,-0.23431125980324055,0.05789679543855909
HMG20B,-0.16030670776334496,0.1084389340277222
HMGA1,-0.34751875880955335,0.09002895408293426
HMGA2,-0.6010732639914439,0.08771728018880448
HMGB1,-0.26918501396139954,0.12061702519569613
HMGB2,-0.5129958522947896,0.2082735687573392
HMGB3,-0.3739970718130524,0.10478053462975866
HMGB4,-0.3368652851428649,0.13379040522522528
HMGN2,-0.34513555666607965,0.08632067567007956
HMGN3,-0.2515927128747143,0.07859873953810229
HMGXB3,-0.2098050708056081,0.05328696920624816
HMGXB4,-0.13404372664307487,0.06910417753633966
HMX1,-0.11356076282905284,0.06856673024130469
HMX2,-0.1201245753249631,0.052699240681931395
HMX3,-0.13358060237224337,0.07230283263151414
HNF1A,-0.47452200070565753,0.0807706403660154
HNF1B,-0.687121748547403,0.13985257671247395
HNF4A,-0.498752368087829,0.15047583247004143
HNF4G,-0.4667167651800887,0.07267444663248533
HNRNPAB,-0.7680462968610351,0.27666001264079765
HNRNPK,-0.3676095912276009,0.06294601243815717
HOMEZ,-0.4043060340745797,0.09412043199936224
HOPX,-0.3426128407880613,0.1285439652945632
HOXA10,-0.26516086991873644,0.08071939991996108
HOXA11,-0.5194463015735986,0.08893539125770651
HOXA13,-0.42338857964595833,0.112522384763539
HOXA1,-0.2855400283831329,0.10811544922159069
HOXA2,-0.04624991938679826,0.10059704315912496
HOXA3,-0.32162465300341064,0.08185983223660753
HOXA4,-0.17374002359016313,0.11144342783179491
HOXA5,-0.2869519320894554,0.12249733165299476
HOXA6,-0.3744117750125717,0.0993345075757715
HOXA7,-0.2924416608639635,0.11539612267960352
HOXA9,-0.5521715816628378,0.10707875344680692
HOXB13,-0.37459266312585704,0.11045380609730483
HOXB1,-0.32667630808172515,0.0530804597465251
HOXB2,-0.6030339765808478,0.2000870738222257
HOXB3,-0.25065260918883286,0.05297500757921239
HOXB4,-0.08855943345918042,0.062074450879629775
HOXB5,0.050421313855086504,0.07437264339334355
HOXB6,-0.2818331856076371,0.10084730537759111
HOXB7,-0.44683061050524825,0.1364152338172426
HOXB8,-0.3501745433447937,0.09829172708597111
HOXB9,-0.11955939860411467,0.06360159957969429
HOXC10,-0.40293563908317487,0.0742356870775911
HOXC11,-0.3692024025365283,0.11133361456501348
HOXC12,-0.792625727042655,0.25126411325553305
HOXC13,-0.6289801839697952,0.13849038422049328
HOXC4,-0.2612663843022628,0.08320286054235362
HOXC5,0.24665868588971487,0.06161024661962355
HOXC6,-0.41482724448170355,0.12845447504248955
HOXC8,-0.45764719277134486,0.13501487515038763
HOXC9,-0.14258851292405406,0.0905965488634733
HOXD10,-0.5235553432628648,0.09355354658348075
HOXD11,-0.5574677867550002,0.07362614398012224
HOXD12,-0.1631610953092221,0.07870028124786071
HOXD13,-0.03477935210081383,0.09107454107647249
HOXD1,-0.7746910900763649,0.13425229594158875
HOXD3,-0.3198845254571965,0.08628256930075334
HOXD4,-0.3408474306114273,0.11820257949808727
HOXD8,-0.5782507785593404,0.05502290639009612
HOXD9,-0.11235418633679702,0.10497858632324479
HSBP1,-0.09787114867135249,0.10305674310058216
HSF1,-0.37097335045746593,0.09419012745443425
HSF2,-0.1303572060093843,0.07819003830953598
HSF4,-0.308562391869871,0.12344113663362041
HSF5,-0.4060418904104109,0.08386111610142824
HSFX1,-0.40975910601483384,0.12022261252617528
HSFX2,-0.6328318987691908,0.12537824455382937
HSFY1,-0.23986121558654233,0.11034825580676196
HSFY2,-0.09219429518427301,0.11464918258459485
ID1,-0.5030685367097748,0.0885265910413919
ID2,-0.29346031372427805,0.08569417733696648
ID3,0.04063932230307223,0.08289156850687478
ID4,-0.3604712541458826,0.09714771040855087
IFI16,-0.1336170077996237,0.08714808385944199
IGFBP1,-0.6014859724731553,0.09841505932974365
IGHMBP2,-0.5277391031376774,0.12077514962845633
IKZF1,-0.36060193629934006,0.07981029270471138
IKZF2,-0.5204661755229469,0.10175547652462558
IKZF3,-0.28107216387539846,0.1032584689785157
IKZF4,-0.3960071822851981,0.054793468369093074
IKZF5,-0.41269631967321546,0.09189840432554221
IL18,-0.3983951017898435,0.18584454935785186
ILF3,-0.278328661109723,0.07795903293643297
ING1,-0.32814707812731414,0.05975499675080142
ING4,-0.033000877579968516,0.08799306218600672
INSM1,-0.3711210196400289,0.05718849077622963
INSM2,-0.5107709593109808,0.12750763579756036
IRF1,-0.8025660581816366,0.3890546622413422
IRF2,-0.5612920562804362,0.10212390870177378
IRF3,-0.31475157490939815,0.09027106316803583
IRF4,-0.49758565243288305,0.1693056451256696
IRF5,-0.2493856982108926,0.07800133159183822
IRF6,0.07199668206179856,0.07457796001578672
IRF7,-0.4351187519586021,0.12417001210062166
IRF8,-0.2969639399075876,0.0763585110186202
IRF9,-0.3031439670370643,0.09722515527780397
IRX1,-0.25174363955087814,0.07733815071617788
IRX2,-0.46826973555635276,0.08419830831530772
IRX3,-0.24367585363718813,0.09480171234256356
IRX4,-0.023702291631498684,0.06176216758905417
IRX5,-0.5153472631912216,0.09046809082934415
IRX6,-0.2036274119075243,0.050403683125625494
ISL1,-0.4655437096683581,0.10851042724037868
ISL2,-0.3605382780728046,0.10312625785206017
ISX,-0.0576676813933243,0.06083865191125394
JARID2,-0.12083070031359008,0.06168146187114044
JDP2,-0.2447096906704046,0.09272805090916895
JUNB,-0.5540760662056148,0.15297727721732418
JUND,-0.13188831064732412,0.0757835564500564
JUN,-0.4934746627461485,0.12921803655938208
JUP,-0.6741965505672045,0.12591255050529707
KAT2A,0.17897742422642227,0.07818089451655766
KAT7,-0.32613763196793455,0.08059068877879279
KCNIP2,-0.35894442289603024,0.10200280826598414
KCNIP3,-0.2908179819789794,0.0977777580046445
KCNIP4,-0.1528589468460045,0.08708708044957814
KDM5A,-0.4391238994121583,0.0918198255957252
KDM5B,0.11627971736297978,0.08158437546607607
KDM5C,-0.4020265547184538,0.0893944671831231
KDM5D,-0.3333953659052384,0.07197202037942246
KDR,-0.6922237698769453,0.0934038273393504
KLF10,-0.383468876901116,0.0908657168771275
KLF11,-0.577551854113111,0.10142387107798112
KLF12,-0.34356712566793796,0.10029547769203072
KLF13,-0.32391703613679373,0.08466022445434422
KLF14,0.06489766933220469,0.09399907962467001
KLF15,-0.07352364553041157,0.0690191471029925
KLF16,-0.4616961344053499,0.0819884664410772
KLF17,-0.7878552462735002,0.10320187487176538
KLF1,-0.8601382870090971,0.09868665076990331
KLF2,-0.22922703113980183,0.09196430993621445
KLF3,-0.40079744762198094,0.10619604050592835
KLF4,-0.2872770655383946,0.07344998499898085
KLF5,-0.22711286723812552,0.10987996276768586
KLF6,-0.24405564504076988,0.1169135067041597
KLF7,-0.548229971768228,0.0897233145751956
KLF8,-0.31034948173136223,0.11544742921598868
KLF9,-0.6777886183923485,0.11770268538312285
KMT2B,0.42441545553924764,0.05560912006573447
KRBOX5,-0.05503606162915518,0.07422612922625747
L3MBTL1,-0.5402899671219533,0.09418080967121593
L3MBTL4,-0.5606028615136893,0.11375182798385639
LBX1,-0.43281947400321324,0.08550282990832613
LBX2,-0.6811623132375072,0.10343330486728085
LCORL,-0.286789062680052,0.08287064779795428
LCOR,-0.44074513355641215,0.06596412608761225
LDB1,-0.22107306610414496,0.12986642543549234
LDB2,-0.5597946832580524,0.10712769043987923
LEF1,-0.0703659189662452,0.09326170660258845
LEUTX,-0.5300610030087052,0.09460342520174914
LHX1,0.47341679022618977,0.07745882725201865
LHX2,-0.8305119106304047,0.05088639303615356
LHX3,-0.277655293626484,0.06462292866563349
LHX4,0.18442180319860058,0.050429748304305994
LHX5,-0.23233649274419158,0.12165189103155266
LHX6,-0.5199513569988646,0.10365679764960592
LHX8,-0.07672808290623548,0.05933767945179815
LHX9,-0.05840797498624743,0.07628720423782821
LIN28A,-0.19353040023733176,0.059431393268824156
LIN28B,-0.7135969248454744,0.12130716625406446
LIN54,-0.2707402068864911,0.05222840164786865
LIN9,-0.3427509464962117,0.0733859138641453
LITAF,-0.1738033032292253,0.07720496090377472
LMO1,-0.04933238483404851,0.09763294126050502
LMO2,-0.5460625798712014,0.09195145163396894
LMO3,-0.5224122008497093,0.11486170822505251
LMX1A,-0.34288031767337396,0.09104968568957487
LMX1B,-0.48974307916282567,0.08723549980833656
LRPPRC,-0.45174081747411715,0.08088145163944063
LRRFIP1,-0.27054777503779387,0.12656352033037072
LYL1,-0.4900505653593631,0.10336870721920231
LZTR1,-0.06033536429818828,0.07069041075578317
MAEL,-0.6086541552915103,0.08023316931034076
MAFA,0.05362514859164444,0.06407549072817956
MAFB,-0.4514087016684475,0.10524342501359508
MAFF,-0.42527839320750893,0.07290084848520618
MAFG,-0.7130075374681528,0.06688874010010407
MAFK,-0.3938884327903029,0.14855100262544696
MAF,-0.013495207511831173,0.09534511683828295
MAML1,-0.3819540324986522,0.11195300932510382
MAP3K7,-0.2879718028720732,0.1216178934160246
MAPK8IP1,-0.24028390652090917,0.050378843796043474
MAX,-0.4167533099790761,0.10815427715292719
MAZ,-0.593944011846767,0.08800125086051165
MBD1,-0.11015966858141125,0.12427992687306492
MBD2,-0.26317497955118313,0.10169746328633458
MBD3,-0.41750023054996654,0.12122605049852175
MBD4,-0.3836041030436568,0.060282402877168226
MECOM,-0.5111304296096809,0.11449196954798782
MECP2,-0.20481532305826824,0.07149985686115773
MED21,-0.6429271761681503,0.10681211404007238
MEF2A,-0.49238549976947316,0.14567397335486382
MEF2B,-0.45632776343727877,0.07556182903655392
MEF2C,-0.5166838277356541,0.1278108072219109
MEF2D,0.05946547249345161,0.06185149515716138
MEIOSIN,-0.7242560812449521,0.14082475875606032
MEIS1,-0.4711890858025691,0.12040968321464227
MEIS2,-0.24414944483570108,0.11461807210683904
MEIS3,-0.3153606966986274,0.13597253236898624
MEOX1,-0.14207072135284107,0.11565465488754773
MEOX2,-0.31330553396025046,0.0744119751965454
MESP1,-0.44758184483214725,0.06654442809185826
MESP2,-0.4974568765417442,0.08320693150452528
MGA,-0.3561784821015912,0.09313371846296761
MIDEAS,-0.7443469035101441,0.1562838775248218
MIER1,-0.2803455128281204,0.0992212739733906
MIER2,0.14539280680958303,0.06257582765459409
MIER3,-0.6023536760231122,0.07446760252764696
MITF,-0.16687913142585534,0.0657757910733788
MIXL1,-0.4372547419861425,0.09120649589610656
MKX,-0.568291756135764,0.0830736230231803
MLLT10,-0.23206819548655153,0.07676904727455425
MLLT1,-0.24876787403842052,0.08311288770095529
MLXIPL,-0.34333250714228575,0.1012739543004758
MLXIP,-0.15193746150448062,0.07306218267283747
MLX,-0.7400010582641405,0.19478141321165515
MMP3,-0.29499245502182486,0.13656088212172543
MNAT1,-0.40975862842258054,0.08614833539492021
MNT,-0.43120659657050375,0.09832987495559958
MNX1,-0.3212881571862514,0.08175315970990521
MSC,-0.19148754484341735,0.12813940145562938
MSGN1,-0.19127769965925046,0.09858511448914245
MSLN,-0.22355481921662085,0.087212216070034
MSX1,-0.07519709641820263,0.09264510295948221
MSX2,-0.012713266053843693,0.08884354700414487
MTA1,-0.164342091094783,0.08155507340306535
MTA2,-0.3041587193961786,0.0969551568678397
MTA3,-0.5848207104178431,0.06922510608982611
MTERF1,-0.7606881537095175,0.15186459456446535
MTF1,-0.13632596058363747,0.07999016695332989
MXD1,-0.5018664017869159,0.12612597765162523
MXD3,-0.2634493820660818,0.07451941116341407
MXD4,-0.39329213318058825,0.11507708146440414
MXI1,-0.39869082529730987,0.13870683973147563
MYBBP1A,-0.5170991501686283,0.14399563664378515
MYBL1,-0.38380606647305426,0.11537707372468377
MYBL2,-0.28630487311776587,0.106529233209613
MYB,0.005886078100318415,0.07456518941284851
MYCBP,-0.15689798585443013,0.06439795978907377
MYCL,-0.29005038711886405,0.08112440511153586
MYCN,-0.28340664007970645,0.08473375661141516
MYC,-0.38619906532058457,0.1199615356843657
MYEF2,-0.10173072244637826,0.08832861526599746
MYF5,-0.37852581528291185,0.12648875644142996
MYF6,-0.2992411540381822,0.0973978741257975
MYNN,-0.6485422277625675,0.12602503243604163
MYOCD,-0.11692155133609265,0.10707007420256673
MYOD1,-0.18742501871542727,0.06617810039090809
MYOG,-0.3912763134292775,0.09220931717257505
MYRF,-0.4878625409895411,0.0993171869370212
MYSM1,-0.5908980133568074,0.07012529893553307
MYT1L,0.019885097700762387,0.061937638710845844
MYT1,-0.1813551930847998,0.07919964396128064
MZF1,0.03236992447955983,0.1027565449805406
NANOGNB,-0.3159609104150592,0.09875139349450422
NANOG,0.023689788058569333,0.0743219820561912
NAT10,-0.49198386443285524,0.09391734839147654
NCL,-0.4689745968139625,0.17163618626415436
NCOA1,-0.27846941530772945,0.13430463452166275
NCOA2,-0.3145936236609798,0.0949310721263668
NCOA3,-0.10658194697241302,0.08630095982275054
NCOA6,-0.1550288027242331,0.06138218856822619
NCOR1,-0.32257242496948546,0.06393896968571117
NCOR2,-0.6079039677994823,0.08365136621091757
NELFE,-0.31151334101608913,0.0638541874872597
NEUROD1,0.059397478224257845,0.09768850658196727
NEUROD2,-0.28244848350462415,0.10406374808488617
NEUROD4,-0.613793273202337,0.11384818862059826
NEUROD6,0.275897554055451,0.05874377826476964
NEUROG1,-0.1840256579665622,0.07507044888949825
NEUROG2,0.15344802855589776,0.11414337204735965
NEUROG3,-0.6801624569223276,0.07850211702860588
NF1,-0.4901163411142595,0.08279938135476089
NFAT5,-0.2511831874319682,0.07180000391507158
NFATC1,-0.0676226827300242,0.06422541195070336
NFATC2,-0.5475818240772324,0.101264008790553
NFATC3,0.018083895887561336,0.07978483082883826
NFATC4,-0.4654447229488771,0.09212424255833253
NFE2L1,-0.5146421285903079,0.101621064388768
NFE2L2,-0.27674024408881437,0.10385820173140672
NFE2L3,-0.29534602455545905,0.042767513461107805
NFE2,-0.4763081587915321,0.11915009060452957
NFE4,-0.21164247695236138,0.1311299109816737
NFIA,0.17374702041270257,0.08490052999065827
NFIB,-0.5127325725889836,0.12188139986467213
NFIC,-0.20281289730683658,0.10804991756564342
NFIL3,-0.039692445849387456,0.0604170478451405
NFIX,-0.038707335600247576,0.11722394362050782
NFKB1,-0.1774941037321855,0.09998564222022696
NFKB2,-0.1785098891568941,0.06335193305007707
NFKBIA,-0.5528363200665365,0.0881260741612373
NFKBIB,-0.31818677162434744,0.13339370172225928
NFKBID,-0.023577970409493384,0.1287266501723765
NFKBIE,-0.08073191251521103,0.10949375641610812
NFKBIL1,-0.6266935534530879,0.10056103249209665
NFKBIZ,-0.38583515693045445,0.09354776752098211
NFRKB,-0.36609034045484135,0.08613272234200783
NFX1,-0.022874186719812773,0.14199644440934342
NFXL1,-0.36893328805033376,0.0774358882392556
NFYA,-0.44326414458263896,0.15084348665934638
NFYB,-0.4975598315674766,0.11569596359226811
NFYC,-0.6525429593186758,0.08905455190174136
NHLH1,-0.5595694969166465,0.1323826769641348
NHLH2,-0.3201776861866831,0.06989068294081711
NHP2,-0.31422684268158424,0.103086457131754
NKRF,-0.5088492347653661,0.06682001000612225
NKX1-1,0.07051263984420035,0.07744946821487313
NKX1-2,-0.121717743133202,0.07216155274748755
NKX2-1,-0.24428938529864783,0.08338666999268358
NKX2-2,-0.6313651967333141,0.11592007279971417
NKX2-3,-0.15505062194697009,0.07975768254976016
NKX2-4,-0.37659378341171235,0.15430326434057906
NKX2-5,-0.313134171137782,0.12087666543083696
NKX2-6,-0.3029835182045317,0.10876095622222275
NKX2-8,-0.2767667679923528,0.11155600176772731
NKX3-1,-0.5693901892615599,0.16557225255308147
NKX3-2,-0.6954582196419348,0.07727872644957938
NKX6-1,-0.5418991642804957,0.07663808406769282
NKX6-2,-0.6120002848478275,0.07169097962350296
NKX6-3,-0.5144499714625176,0.07512532724878267
NME2,-0.4507816109327727,0.06745709962660393
NMI,0.13134199851563141,0.05428251777879888
NOBOX,0.26273259500415386,0.06456032646054889
NOCT,-0.5004502648387728,0.06511444153529833
NONO,-0.13297323703788078,0.07942239711022048
NOTCH1,-0.43446114414184767,0.08553564470321683
NOTCH2,-0.33559552116588787,0.1763502844074411
NOTO,-0.2761751841169615,0.08333262493128502
NPAS1,-0.12005015023237378,0.09440946798718505
NPAS2,-0.3462450793009943,0.07603515193123639
NPAS3,-0.2972008329177839,0.08153022746787054
NPAS4,-0.6268391760332455,0.15141779722623877
NR0B1,-0.4385537573059328,0.10488038817250607
NR0B2,-0.4129875765484312,0.10236281216066093
NR1D1,-0.4396828449098059,0.11944554538916978
NR1D2,-0.23083865454940766,0.07977379561647426
NR1H2,-0.07066570843908024,0.05777842633361764
NR1H3,-0.7282301370815781,0.12748206996418832
NR1H4,-0.23640913365398986,0.10174411883836114
NR1I2,0.05901609311455002,0.12283850751078403
NR1I3,-0.2203453149637121,0.09334176135240897
NR2C1,-0.5655958421333064,0.12871089390579926
NR2C2,0.3841363353605444,0.08876293318645916
NR2E1,-0.34899749680224285,0.10546193339503598
NR2E3,-0.48796808653643814,0.10787334344529897
NR2F1,-0.2739475423366643,0.1011249139655045
NR2F2,-0.39590822673890813,0.07266788343432133
NR2F6,-0.07574138193617833,0.06823854023708682
NR3C1,0.537671474736055,0.06729638330043777
NR3C2,-0.5367817216061773,0.08310548516698307
NR4A1,-0.22298005895631004,0.1040582150596263
NR4A2,-0.5317500713887734,0.07463918716681522
NR4A3,-0.2752077858700066,0.10257580195541964
NR5A1,-0.2106716410003119,0.06470283975044029
NR5A2,-0.293093923297936,0.0954147161731278
NR6A1,-0.29613145739181085,0.08048140888515215
NRF1,-0.3296400730227563,0.08988597483821738
NRL,-0.46526850225091815,0.10551075270588643
NSD2,-0.2407969947698532,0.08503045534514385
OLIG1,-0.46702741592177677,0.09791101686581627
OLIG2,-0.5801799971273831,0.1534838046009996
OLIG3,0.07959791893754861,0.050003075005561406
ONECUT1,0.14719664120228873,0.0670787457934952
ONECUT2,-0.18978189557682656,0.07126344118474998
ONECUT3,-0.1171301996796903,0.09516167380610915
OSR1,0.058309222899040426,0.08267000869549955
OSR2,-0.40701744306052334,0.11183592392898026
OTP,-0.45868281394469695,0.10945207686789939
OTX1,-0.25546004248161924,0.07879324938639432
OTX2,-0.26808765140847046,0.07219594795080199
OVOL1,-0.34189320313393146,0.09662681072161433
OVOL2,-0.6000209680767733,0.09281519349758585
OVOL3,-0.3807580758027931,0.07970215072836394
OXSR1,-0.3420094475818487,0.09618025822137197
PA2G4,-0.5477787416008538,0.15893113744728996
PARP1,-0.6500928354031674,0.0884625581743408
PATZ1,-0.6781070935519301,0.09488519102042474
PAX1,-0.6673678587733924,0.07942832006718399
PAX2,-0.5523339661041928,0.1355973182942356
PAX3,0.11013386146086629,0.11292105254868604
PAX4,-0.012841578707417995,0.07447866726485237
PAX5,-0.41456719488272414,0.10493982340556399
PAX6,-0.532241131792183,0.09744649876441983
PAX7,-0.18257919703431752,0.0974257784561027
PAX8,-0.15489989983316502,0.10296168286341278
PAX9,-0.4283277449856288,0.11186412789675904
PAXBP1,-0.5627412709464115,0.1358131332794211
PBRM1,-0.516259382289267,0.08861488826654713
PBX1,-0.49190856176299064,0.10543703924066021
PBX2,-0.3828083395293701,0.08473184363444869
PBX3,-0.20720574238447606,0.0719050243255655
PBX4,-0.634040414025478,0.17518117110586204
PCGF2,-0.23806728258509272,0.07327372470014612
PDCD2,-0.5032060966076681,0.08447098368656925
PDX1,-0.4192291229201552,0.08650441952732821
PEG3,-0.3132970976469013,0.0863773465347786
PES1,-0.5215875316390496,0.1071840073471224
PFDN5,-0.25705372284429934,0.1031978487302202
PGR,-0.4895557507817972,0.10550309505621604
PHF20,-0.19626740908009277,0.06827187944087393
PHOX2A,-0.30984615889552203,0.10605701450324559
PHOX2B,-0.4129783682213859,0.08897618697070327
PIAS1,-0.3535495663560733,0.13231160483808685
PIAS2,-0.4699945499566765,0.07057269462966254
PIAS3,-0.1956838114684356,0.06942867246378752
PIAS4,-0.4996610510748113,0.13430360608461597
PITX1,-0.7266539796040349,0.199778754779655
PITX2,-0.4723585141288821,0.11155613517697294
PITX3,-0.11136995969770357,0.10666265144629995
PKNOX1,0.019243163649339885,0.07618132886691804
PKNOX2,-0.28100937514012236,0.058516542945553
PLAG1,-0.41374952591850633,0.11372055989281549
PLAGL1,-0.5399268440237279,0.10428296107568119
PLAGL2,0.08996491017442455,0.07354514636509049
PLK4,-0.2459489166067595,0.066994409895919
PML,-0.2785553179225336,0.08414635186619615
PMS1,-0.6086407341092863,0.08390625383194235
POGZ,-0.5441775309457898,0.08341900184729012
POU1F1,-0.21415773728426507,0.07282192859141688
POU2AF1,-0.693966436950582,0.10124230924249426
POU2F1,-0.25257374636817825,0.09743533312235503
POU2F2,-0.31644312267651103,0.10824711458590594
POU2F3,-0.3245247842644933,0.10605897426276054
POU3F1,-0.2988380951707678,0.07913831353141704
POU3F2,-0.47379464527265586,0.11019012949628208
POU3F3,-0.3426117833321421,0.09517408429766282
POU3F4,-0.24015744788987944,0.0800201893509365
POU4F1,0.027289416562585846,0.050910506473066545
POU4F2,-0.8214294157307285,0.15901640247688875
POU4F3,-0.5231044540816389,0.10160971059289045
POU5F1B,-0.06758715970983953,0.05113550457584237
POU5F1,-0.5072653100751974,0.07584714445023263
POU5F2,-0.2596381896305794,0.12368438425016162
POU6F1,-0.14297197850639573,0.07235216269100943
POU6F2,-0.5357378860964331,0.12603924427406257
PPARA,-0.20514570421343256,0.11257277000068455
PPARD,-0.5449853477018535,0.0930908243703511
PPARGC1A,-0.541822382152764,0.13132295045114176
PPARG,-0.3092056048226244,0.10363529142781752
PPP1R13B,-0.12433896226738171,0.09023723204530658
PPP1R13L,-0.11407940712490927,0.07198086860896967
PRDM10,-0.23086356271493708,0.09070054805518081
PRDM12,-0.6811774547842194,0.0832464275839365
PRDM13,-0.6574368505203184,0.06249783870296836
PRDM14,-0.30674907251153843,0.07997207600176343
PRDM15,-0.22967868438475744,0.09024688140776223
PRDM16,-0.44949990326334277,0.1568633595216682
PRDM1,-0.8454083416862401,0.23137405152751794
PRDM2,-0.635612279027796,0.11422773823367248
PRDM4,-0.3862128858022577,0.1251847233635921
PRDM5,-0.03287682298833886,0.11577331926376769
PRDM6,-0.059710526465948884,0.07230632700636619
PRDM8,-0.1820162150174668,0.11254971739172717
PRDM9,-0.15795523164514616,0.13137619690167399
PREB,-0.16069742684439214,0.08137312368198348
PRKCD,-0.368785248047395,0.0763028952768914
PROP1,-0.3336163535089416,0.08217511237498065
PROX1,-0.2485443696451871,0.08015402314350283
PROX2,-0.6769537183798425,0.07068696408644537
PRRX1,-0.25257576109678453,0.07434867020727337
PRRX2,-0.28274659387753065,0.05937660145667128
PSAP,-0.4083944586451223,0.0910421325657023
PSIP1,-0.3664934485423324,0.08507772287126986
PSMB1,-0.49049357751691414,0.1494683974427118
PSMB4,-0.398608896718286,0.12213330278506215
PSMD14,-0.619873121165528,0.14707475472915926
PTF1A,-0.15477066653044583,0.07806360985823431
PTTG1,-0.48820945567455987,0.0968207445093086
PUF60,-0.11756674354436668,0.10920642359298158
PURA,-0.5501114074469051,0.08022438866946051
PURB,-0.794326912658912,0.1555102546714728
RAD21,-0.5581699968894676,0.09140545042965252
RARA,-0.5913284284651861,0.08589813454452762
RARB,-0.2041444717541489,0.10076029872821671
RARG,-0.223600697015366,0.07693734377133538
RAX2,-0.44024304196187763,0.08184795977594968
RAX,-0.4765087778313134,0.08074519895692023
RB1CC1,-0.42862768656151196,0.11526278630587715
RB1,-0.31910829826121156,0.0619636966661034
RBAK,-0.1898391854805376,0.0810390728343675
RBL1,-0.09841257227986289,0.08671377567340383
RBL2,-0.27338547725442464,0.08034631352964505
RBMS1,-0.08659569698298993,0.06847004494604782
RBPJL,-0.25375070448119674,0.07507297280438727
RBPJ,-0.25717947564989835,0.09254329770132848
RCOR1,-0.5019479669968872,0.08449917472824842
RCOR2,-0.4440113934174237,0.10726809213571455
RCOR3,-0.016170107998531035,0.08314506432013441
RELA,-0.4729939985055988,0.08811192641144792
RELB,-0.28544498482854275,0.08870621345625034
REL,-0.2667290576410715,0.08542370784188845
REPIN1,-0.44398899726109,0.07394254690386132
RERE,-0.36046930686066464,0.05350244385556948
REST,-0.2716244458387219,0.07627442952565822
REXO1,-0.1987311877013511,0.09266486348822094
RFX1,-0.18098925184019754,0.10856301394198524
RFX2,-0.6343065743685119,0.1010297720706356
RFX3,-0.6526119818459353,0.09080356446812834
RFX4,-0.5021845613768746,0.09051872035917025
RFX5,-0.22984206301934657,0.09105674212243896
RFX6,-0.5536068992290945,0.0726989425027671
RFX7,-0.06192000907153562,0.07683615319981711
RFX8,0.1711777002782866,0.11011384668825208
RFXANK,-0.3560905372593059,0.1361399469139104
RHOXF1,-0.6457453544061236,0.14779456100550076
RHOXF2B,-0.2155129053608533,0.11651529675277901
RHOXF2,-0.5076389700574607,0.16471592611028232
RLF,-0.4116824373559302,0.1092336125416528
RNF138,0.1694572426416868,0.06986798353340588
RNF2,-0.22538763557208802,0.09580385059287762
RORA,-0.3367833543862443,0.11711048302828002
RORB,-0.04010698039237993,0.08961101821135212
RORC,-0.4177791895271807,0.1324390132004254
RPA1,-0.14051478183391397,0.08183259419970909
RPA2,0.1687052252914036,0.10199846559921177
RPA3,-0.18871533472074065,0.09364057598158321
RREB1,-0.24655721423844226,0.11399343497749143
RUNX1T1,-0.31706934133783826,0.13269753241890223
RUNX1,-0.07636849369790072,0.09649857778823127
RUNX2,-0.4993515359845018,0.13209880752054268
RUNX3,-0.41939828263082574,0.11959103732948663
RUVBL1,-0.2790414650458754,0.07959620222090821
RXRA,0.39545492370932284,0.05229331908028339
RXRB,-0.4443988884384838,0.07619416481144464
RXRG,-0.27985227248560235,0.08028022916879372
SALL1,-0.2815213566695022,0.1079615065807957
SALL2,-0.061812755764691606,0.12141397506504038
SALL3,-0.02540377519563825,0.07171339896431632
SALL4,-0.5755082731115504,0.09250035686808607
SATB1,-0.23314727299397311,0.088306157740834
SATB2,-0.45845474193736147,0.09186614465951283
SCRT1,-0.47835939604124533,0.07969153517980584
SCRT2,-0.13960580252503568,0.08248152469106369
SCX,-0.20565583745814556,0.09373754478039142
SEBOX,-0.3155603259982015,0.10825468060804584
SETDB1,-0.5376686620131935,0.15184704476321084
SETDB2,-0.17644719070859022,0.07658854965002361
SFPQ,-0.18574553233679078,0.08586278862231916
SHOX2,-0.11474134034007168,0.06849582632394031
SHOX,-0.3753350806062999,0.11251630990151988
SIM1,0.09857675475513691,0.08694813914066889
SIM2,-0.24494712681086425,0.059611275696532184
SIN3A,-0.13309371310407636,0.08446688982002418
SIRT6,-0.19481441291971813,0.08556609613324541
SIX1,-0.31882937528760685,0.08430850171064949
SIX2,-0.3754652996878055,0.08635760847780735
SIX3,-0.3780427724058275,0.0883120114788839
SIX4,-0.4701942057727362,0.09227823104263554
SIX5,-0.2908117632896877,0.09152273025460117
SIX6,-0.39916956252812086,0.114880493933517
SKIL,-0.29409942392692995,0.10143373033757377
SKI,-0.24186014011252407,0.09382225660228893
SKP2,-0.10534721360335521,0.08373727961442791
SLC15A1,-0.15503627913876605,0.07325864956639405
SLC22A1,-0.22105954911953515,0.06636272503939893
SLC2A4RG,-0.31690701000982485,0.07272294318242674
SLC45A2,-0.4105015570486101,0.08956259249720185
SMAD1,-0.4146724222580246,0.11560162413766009
SMAD2,-0.2883225063817196,0.08558427173695189
SMAD3,-0.24359743602609618,0.0647672228018893
SMAD4,-0.6364800596376853,0.09902904749965413
SMAD5,-0.6804696427603774,0.09292860116122377
SMAD6,0.16892961136003784,0.10707720854086372
SMAD7,-0.7258769277349605,0.0855358867395881
SMAD9,-0.663474891495125,0.20498939403649707
SMARCA1,-0.2669853707171048,0.056820810911620764
SMARCA2,0.06367906163075085,0.09692304774106159
SMARCA4,-0.3970560050735243,0.1130604342199255
SMARCA5,-0.45735166109373765,0.1520662504377871
SMARCB1,-0.030944845029688473,0.07387903570011249
SMARCC1,-0.5916677004192628,0.11743908299101218
SMARCC2,-0.1723858321686962,0.08817024222397411
SMARCD1,-0.5514891877931416,0.06632215617335269
SMARCE1,-0.5623695539768089,0.09736792356996775
SNAI1,0.0671038781942754,0.06814270311275736
SNAI2,-0.29011619443558245,0.09240456615227306
SNAI3,-0.13428321192411702,0.05883632344274576
SNAPC1,-0.7390529826065148,0.1366729474074246
SNAPC2,0.23747351309873638,0.08901700706448415
SNAPC3,-0.4443891673501639,0.07284446981443236
SNAPC4,-0.43292210761967476,0.07568306254042537
SNW1,-0.37641191246534017,0.10537897462994543
SOHLH1,-0.31955649249769663,0.10416300719392892
SOHLH2,-0.6427411531493595,0.11175302042279761
SOX10,-0.24787466030718142,0.1104461137642621
SOX11,-0.31287202157732746,0.16440643035599034
SOX12,-0.15966878028280612,0.09975871356365743
SOX13,-0.12841934388771986,0.07921348774181732
SOX14,-0.010633616748700898,0.07155391270379052
SOX15,-0.14966540705777712,0.09033923714906682
SOX17,0.014689883625245261,0.08865609729919322
SOX18,-0.46872710449775856,0.12481635593650364
SOX1,-0.08921465590573674,0.07056429800982084
SOX21,-0.2511409232858474,0.09323460050474587
SOX2,-0.46962607635375686,0.10659635727256066
SOX30,-0.4146548007831021,0.0950833587313844
SOX3,-0.22696163752991172,0.0793074813184656
SOX4,-0.13356860821440847,0.08073107876728937
SOX5,-0.11873724716663647,0.07400013069490557
SOX6,-0.5195423076972846,0.13778021259861442
SOX7,-0.10159752345519332,0.04759801792112087
SOX8,-0.5327705554490619,0.09284976129656507
SOX9,-0.3589995580896815,0.09586142548080183
SP100,-0.7127618240225767,0.15905274558394542
SP110,-0.42094814024310234,0.06839095315459526
SP140L,-0.39768833406825965,0.10569626932169161
SP140,-0.6015930197457877,0.13388290504664047
SP1,-0.32732571989209513,0.11120518156214497
SP2,-0.4008409467650517,0.08079385653665072
SP3,-0.4306630047857162,0.0870250938941558
SP4,-0.2527488535832649,0.07652532322781452
SP5,-0.4234956018767874,0.08746811383241535
SP6,0.2450962353953966,0.05755236559121092
SP7,-0.617902301650249,0.09957102506687775
SP8,-0.4299048438950625,0.11519420185618368
SP9,-0.5716583357152017,0.07880275704186954
SPDEF,-0.08792174000142959,0.08774975661946728
SPI1,-0.5365599373381891,0.08065424961879197
SPIB,-0.2794271101383903,0.08530697630203636
SPIC,-0.0976588902492692,0.09833696417147944
SPZ1,-0.32458057068499546,0.11824186919850867
SRCAP,-0.3976162361055945,0.09806741686276926
SREBF1,-0.7147952489399323,0.09607619840554575
SREBF2,-0.5408301990632559,0.10198650211607281
SRF,-0.5860351137454546,0.11068473196472482
SRY,-0.4917890965945699,0.06853026457914328
SS18,-0.30165722153991414,0.09634052067802937
SSRP1,0.12216212551076168,0.08508146617232584
ST18,-0.35600493263411903,0.09230119637167256
STAT1,-0.48555739437704726,0.09319060028678118
STAT2,-0.0830933520335108,0.154263949262634
STAT3,-0.2220908103120885,0.09585657605825061
STAT4,-0.634738204373764,0.08242147847851945
STAT5A,-0.6263478262948988,0.13197960139361692
STAT5B,-0.2543622014408221,0.05240165313863637
STAT6,-0.15183209987086377,0.0885861634176799
STOX1,-0.27314427954372056,0.0866857173106303
STOX2,-0.4737507878523789,0.060058778292064796
STRAP,-0.047444440250891375,0.09990909265218852
SUB1,-0.2757277528513648,0.1007911173272827
SULT2A1,-0.31297628478801537,0.13790719362700365
SUPT4H1,-0.056093508675080644,0.07906823877799994
SUPT5H,-0.4191027096414637,0.1155687678124603
SUZ12,-0.40076178039684457,0.08540703728207605
TADA2A,-0.28304096769355425,0.07793418698822453
TADA2B,-0.06689965215458579,0.05649307567318133
TADA3,-0.4263202860505673,0.07281025531717625
TAF10,-0.38347263237582885,0.07637838027523468
TAF11,-0.1651902399178823,0.11825083487720597
TAF12,-0.08452266325953398,0.1264418370346394
TAF13,-0.7417981945335869,0.11534009202472112
TAF1A,-0.3270739347353237,0.06748771057514023
TAF1B,-0.2512008945394545,0.08110999990726143
TAF1,-0.25681690186579126,0.08465157394058304
TAF2,0.09077392836472102,0.057799580796422424
TAF4B,-0.27626829565325206,0.0901539923894358
TAF5,-0.3414188919723191,0.10807236178409597
TAF6,-0.4198172677604451,0.07275279487992273
TAF7,-0.299102927210801,0.10607549550284018
TAF9,-0.4150907487410126,0.10770766276867462
TAFAZZIN,-0.4362051702237878,0.07744192400970837
TAL1,-0.516472493028821,0.12384999136917996
TAL2,-0.26384227048530545,0.07273750914513441
TARBP2,-0.3771291713192581,0.14175698065131184
TBPL1,-0.3287537526033397,0.07058758365822651
TBPL2,-0.43322525115937804,0.09897633907105206
TBP,-0.44901841305085743,0.09673672894695132
TBR1,-0.49298013709351485,0.0849931400250717
TBX10,-0.5870679064771606,0.08511069855456263
TBX15,-0.5729623477643053,0.10838828004524892
TBX18,-0.5134397983894448,0.12694573140344048
TBX19,0.024273940146734476,0.08054646670909411
TBX1,-0.38373971465293805,0.06262950569127798
TBX20,-0.3404843667371332,0.07075733993229524
TBX21,0.007935376791517425,0.10219514778043766
TBX22,-0.40301391824521915,0.10492700607780722
TBX2,-0.08772580606339568,0.082467692870671
TBX3,-0.15424038774801357,0.07424283363910454
TBX4,-0.6370436251790811,0.16799851953147535
TBX5,0.010289224955584736,0.10277390800613624
TBX6,-0.11178734987965648,0.11646728996140125
TBXT,-0.4137803293439706,0.0769558475880487
TCERG1,-0.07625336455886858,0.052230140349576376
TCF12,-0.1411445810942089,0.06676844225987068
TCF15,-0.2708221691021207,0.08343005910992264
TCF19,-0.36633146046065806,0.07464053881721562
TCF20,-0.3207768319033472,0.09748970714284008
TCF21,-0.46474448555229714,0.10807618519663705
TCF23,-0.20234917615295728,0.08274206462463801
TCF24,-0.4572496020950987,0.07708908316109447
TCF25,0.20900338605060956,0.08879169353226667
TCF3,-0.21392315158043257,0.11583343103533092
TCF4,-0.5099982276361936,0.1400933289888057
TCF7L1,-0.34377846976978044,0.07626568744027465
TCF7L2,-0.4161644513328438,0.13977599216964642
TCF7,-0.21231016216998894,0.06874043793598641
TCFL5,-0.19968648783186882,0.0706470074465376
TEAD1,-0.35976510565602804,0.0879322971703248
TEAD2,-0.20014915869366537,0.12447148323631556
TEAD3,-0.2866537532039404,0.12745363937755633
TEAD4,-0.5205120771701235,0.12138483483666226
TEF,-0.4445609703605316,0.10783128525876522
TERB1,-0.12394971640246664,0.09451077229615028
TERF1,-0.5492615918963727,0.09871231745553667
TERF2,-0.19826486652489633,0.0840335893381309
TFAM,-0.011285783063117517,0.08028690665117538
TFAP2A,-0.3509419814415859,0.07921094600658465
TFAP2B,-0.3992233597444167,0.10603041804557568
TFAP2C,-0.33598405280062715,0.15692639406390785
TFAP2D,0.06321665248775578,0.06533163437478746
TFAP2E,-0.056699530040124915,0.09568931384070137
TFAP4,0.07018330417058868,0.05523875740723104
TFCP2L1,-0.6508442979185002,0.1119768770117495
TFCP2,-0.5052777957279669,0.07690643207195841
TFDP1,-0.06341038673307983,0.0714035018741645
TFDP2,-0.6338255759922419,0.09479255859638429
TFDP3,-0.3536618319358708,0.09553939886829066
TFE3,-0.29650285046057534,0.15256408412413228
TFEB,-0.5370631192646892,0.08143882193263022
TFEC,-0.4614698507467236,0.09390512235563192
TGFB1I1,-0.1423817671413611,0.08645223204554839
TGIF1,-0.5754023057618486,0.11315813736357773
TGIF2LX,-0.527499623509107,0.12235268804512632
TGIF2LY,-0.40093980819248604,0.13784521692133925
TGIF2,0.06794863092446377,0.06892687143593212
THAP10,-0.4009374654563318,0.09692370372112015
THAP11,-0.5622043607259944,0.06866862480677989
THAP12,-0.4902968159580766,0.06580479683257061
THAP1,-0.4729638856820967,0.06785002653331147
THAP2,-0.04458700000621715,0.09143399830032838
THAP3,-0.3840818837655817,0.11142640468687184
THAP4,-0.6286093427182909,0.13514365540428144
THAP5,-0.30237430223740547,0.06928985313683986
THAP6,-0.17237064274364314,0.12555040960301994
THAP7,-0.41821813096503724,0.10184786809503606
THAP8,-0.04218331172956742,0.10274837472035415
THAP9,-0.200801199373887,0.09444554720128015
THRA,-0.5464838603209615,0.08445320614764076
THRB,-0.2650909600545445,0.09989534382964553
TLE1,-0.370473483092429,0.09959669872337308
TLX1,-0.4366451328008658,0.1587723304854128
TLX2,-0.48936625976510184,0.09552489122783295
TLX3,-0.08569211728521069,0.0717957430153559
TMF1,-0.5122230959641954,0.09083920415006769
TONSL,-0.15901170665315367,0.06670299286476526
TOPORS,-0.3037759252732397,0.12021610751509024
TOX2,-0.39683879610524675,0.08023434762302346
TOX3,-0.8859886646822536,0.5208150688895434
TOX4,-0.4754101195226834,0.11253472245245205
TOX,-0.42454972566405325,0.08933163875016137
TP53BP1,-0.48042885944353964,0.12539619577973665
TP53BP2,-0.6377535472185882,0.17217759070323577
TP53,-0.37821570050263675,0.18064122253444986
TP63,-0.28839857603485447,0.11118086463670449
TP73,-0.6887855250130793,0.23249859175589516
TPRX1,0.08796704144993119,0.07903307197270769
TRERF1,-0.2635734249133827,0.11051511337183972
TRIM22,-0.356312579807564,0.13314364188341507
TRIM24,-0.6514835922104416,0.11763069453912312
TRIM27,-0.3185293361085197,0.1332652290561076
TRIM28,-0.1868247840167195,0.10525005928889512
TRIM33,-0.10585617382108317,0.06535277795378233
TRPS1,-0.7192539696162512,0.10655268044446907
TSC22D1,-0.15798537502578391,0.07874551913137946
TSC22D2,-0.4461635871213044,0.09270888325110342
TSC22D3,-0.4145527087167833,0.11375576542222142
TSC22D4,-0.5422741974614916,0.07406856783004317
TSHZ1,-0.44268604962811314,0.10489720400661429
TSHZ2,0.4234516481521638,0.06429260776692022
TSHZ3,0.02506035884102465,0.07474707693458678
TTF1,-0.3103488169462009,0.10348798935034735
TUB,-0.2963594150891284,0.09010601940395631
TULP1,-0.2985619640942024,0.08387218480486396
TULP2,-0.13613898890269363,0.10572253019473052
TULP3,-0.4877273267876647,0.10601501465112667
TULP4,0.1427389205352852,0.1002160320610718
TWIST1,-0.6942641812467641,0.10233456032201224
TWIST2,-0.3696606051539214,0.0806651812475675
TXK,-0.5694832445297504,0.08729490695145695
T,-0.16173460053149252,0.08472478579973959
UBP1,-0.006003661663255664,0.062208934492710304
UBTF,-0.13401973833176137,0.10646663995626328
UHRF1,-0.47055446673336443,0.10407752675125988
UNCX,-0.34301552900875143,0.07614624270821657
USF1,-0.5646610570892745,0.10769329411106748
USF2,-0.01341444336199272,0.09505884341841747
USF3,0.1178636289712984,0.06663882110961285
VAV1,-0.30195197765693904,0.09990708405411117
VAX1,-0.38135401380429795,0.14364906129907729
VAX2,0.1826349479500096,0.0924285590113405
VDR,-0.11652443855508453,0.08629018976335122
VENTX,-0.34884101856861244,0.10249827641950983
VEZF1,-0.3084439832668274,0.10962998228636064
VPS72,-0.04937703492323982,0.07791864908694679
VSX1,-0.5127033572073473,0.10029204203278912
VSX2,0.02519142804350667,0.08160633019458886
WDHD1,-0.44440422528547646,0.08992801882169327
WIZ,-0.09188593225259492,0.09452372622257173
WNK1,-0.3700438385901328,0.10050069490789534
WT1,-0.4440343388294453,0.13293119495017156
XBP1,-0.6531593079026679,0.10661789385054672
XRCC4,-0.23883468596921123,0.11218471562194929
XRCC5,-0.5959981723941696,0.1389307980384595
XRCC6,-0.3117932355976246,0.11215968405525199
YAF2,-0.30038506526515807,0.08982651447587417
YAP1,-0.14207482593589627,0.08780388792417348
YBX1,0.15327060465170425,0.08912968842721003
YBX2,-0.413902319344475,0.08444908331897394
YBX3,-0.7818951741716126,0.13898876176630337
YEATS4,-0.07858233092699063,0.07304401057922232
YWHAE,-0.3374103452726066,0.13300235474336652
YWHAZ,-0.17616932120449766,0.07845120348720705
YY1,-0.3964940557664756,0.13943688156646744
YY2,-0.5612180548776917,0.09937838188681757
ZBED1,-0.2670444695700699,0.10159675837378486
ZBED2,-0.45262817360385393,0.11972163453261697
ZBED3,-0.5515451175980536,0.11561363845049202
ZBED4,-0.381864187447295,0.07362316518564085
ZBED6,-0.06292720539142808,0.06249387377536108
ZBTB10,-0.7105310610184153,0.15443191355481806
ZBTB11,0.07980407905516468,0.08007275656100117
ZBTB12,-0.5825547191895686,0.13611803652058638
ZBTB14,0.24322480401771676,0.06513954361919995
ZBTB16,-0.24555324218360197,0.10151234860218049
ZBTB17,-0.2731934639153881,0.07515925372284497
ZBTB18,-0.5189278954400893,0.11205631100294161
ZBTB1,-0.274329762129183,0.07292623504114276
ZBTB20,-0.1338831463671664,0.10485118919209337
ZBTB21,-0.5606120103126802,0.10037176681069039
ZBTB22,-0.37972002757289364,0.13778861746192905
ZBTB24,-0.17738161683965306,0.08509739968107607
ZBTB25,-0.15953404919045733,0.09659196222443914
ZBTB26,-0.19809268723525073,0.05272215523536785
ZBTB2,-0.28434517193460007,0.08005268758279396
ZBTB32,-0.7265037525559636,0.09748603566947223
ZBTB33,0.19954134687831881,0.07118885515440418
ZBTB34,-0.36423157403490386,0.08939184914804205
ZBTB37,-0.2341268017354784,0.07853148202115762
ZBTB38,-0.21340653885338884,0.0814553132704468
ZBTB39,-0.559190904813441,0.05964015315169228
ZBTB3,-0.547367402635022,0.11199341559687453
ZBTB40,-0.3823132469589285,0.10103305296961952
ZBTB41,-0.10167139249972497,0.08067309123359187
ZBTB42,-0.14303120693200005,0.09279270581139736
ZBTB43,-0.42063143796270425,0.07046193679368225
ZBTB44,-0.5298152723330608,0.08740889158381081
ZBTB45,-0.4708480182259025,0.09053786443835858
ZBTB46,-0.3027562540611362,0.046223427682888986
ZBTB47,-0.5071005457130323,0.07289421872232348
ZBTB48,-0.22863410616003993,0.10325390736498727
ZBTB49,-0.11731254776093952,0.0853627950011567
ZBTB4,-0.01711993402142263,0.08168514249155519
ZBTB5,-0.6895028560735265,0.12460081441424474
ZBTB6,-0.5726641201301146,0.0682865716565357
ZBTB7A,-0.4475503058917189,0.1059949825333995
ZBTB7B,-0.3459244829124613,0.13540755089893391
ZBTB7C,-0.33991618253561395,0.11248768223198266
ZBTB8A,-0.4007939530575887,0.08947705164622546
ZBTB8B,0.04166816490803036,0.06031827164779673
ZBTB9,-0.560505656638855,0.14783636036997364
ZEB1,-0.27869382842432605,0.08845296442373743
ZEB2,-0.3204078036117256,0.1718729661594672
ZFAT,-0.17585426851766758,0.09378147972232834
ZFHX2,-0.33886496603334004,0.1029900518043817
ZFHX3,-0.4662583812899896,0.08763144320826051
ZFP14,-0.0379347357998699,0.06131872433946598
ZFP1,-0.33999828398531184,0.09649812386349585
ZFP28,0.08847268503053597,0.0665505411856029
ZFP2,-0.21096864649335462,0.06858158970770475
ZFP30,0.09823620022121472,0.07965891877643029
ZFP36L1,-0.0632371209313912,0.08723423028997425
ZFP36L2,-0.4959857817156964,0.09877057710674789
ZFP37,-0.30740426870610277,0.08939488415280042
ZFP3,-0.17240728912145642,0.07880370120305284
ZFP41,-0.05125410155764054,0.060563992296080386
ZFP42,-0.3428555086177765,0.10562791290228211
ZFP57,-0.305923113092515,0.07995842708816502
ZFP62,-0.3490213858683577,0.10219470916324735
ZFP64,-0.33730551808460557,0.12656426137574162
ZFP69B,-0.21665002810584022,0.09727572510384934
ZFP69,-0.2720417218006971,0.0743553563044586
ZFP82,-0.21062559224172808,0.07485431449212601
ZFP90,0.1972051982110172,0.06986803828862076
ZFP91,-0.21844348817086995,0.06902659156109106
ZFP92,-0.17591256945019118,0.0637778140271972
ZFPM1,-0.32993254589453624,0.10055597510301516
ZFPM2,-0.6037422997804807,0.08570080029316345
ZFX,-0.47145953228288817,0.0843140035105124
ZFY,-0.3262595567387952,0.13541335764371568
ZGLP1,-0.5038417246431413,0.0830762158662491
ZHX1,-0.3483996256502809,0.09628074867314237
ZHX2,-0.48855126387529135,0.08367411493735002
ZHX3,-0.2862564191531195,0.07093300753897458
ZIC1,-0.16513860542889247,0.04197970950688239
ZIC2,-0.3205567815693478,0.09234042585909719
ZIC3,-0.08081287638246662,0.07586872513936012
ZIC4,-0.5463018833220114,0.08240124095351256
ZIC5,0.016851048005801315,0.11043731391980958
ZIK1,-0.038005920912705264,0.08861739600544051
ZIM2,-0.2183808356488852,0.10839821022035692
ZIM3,-0.42199081830681473,0.10622051145519547
ZKSCAN1,-0.21762174846059693,0.08378334940522562
ZKSCAN2,-0.35853717208504343,0.08202076292229066
ZKSCAN3,-0.18224113529186872,0.11887657719339859
ZKSCAN4,-0.24262485084473434,0.08702488519663076
ZKSCAN5,-0.1152143960481485,0.06788965110256515
ZKSCAN7,0.2503292506907806,0.09168005400961818
ZKSCAN8,-0.5579880768598414,0.08596332037498959
ZMIZ1,-0.2424083346883849,0.07598098462629921
ZMIZ2,-0.39514949781781644,0.0686943013075915
ZMYND11,-0.19450109598859883,0.12530404114815039
ZNF100,-0.5588386660195744,0.11143895392921079
ZNF101,-0.3726823559778779,0.1474363697833974
ZNF107,-0.718614703188412,0.22606638651322297
ZNF10,-0.36377606930096784,0.07664050720853927
ZNF112,-0.4330143539330772,0.09089469076375083
ZNF114,-0.2298361088800229,0.09422761817715494
ZNF117,-0.32408300777024984,0.12801901007339436
ZNF121,-0.731817189759283,0.23663704778170333
ZNF124,-0.32973858517402005,0.09872525352369127
ZNF12,-0.280113844451999,0.08364261160347013
ZNF131,-0.19783636389166342,0.0836935365489227
ZNF132,-0.007992964863681456,0.07924034202667635
ZNF133,0.06879769998529423,0.06656282236517394
ZNF134,-0.2668640089566279,0.1055004355256995
ZNF135,-0.23704829924283138,0.0684329432915913
ZNF136,-0.22984599684236443,0.07747095525765131
ZNF138,-0.4515919887012079,0.09059643866477135
ZNF140,-0.5407562888020614,0.07878637770453215
ZNF141,-0.5146386601972198,0.09113343651674657
ZNF142,-0.2607214896429294,0.11818668423675877
ZNF143,-0.32219222818892446,0.097787272316454
ZNF146,0.04390450056997055,0.06169370058833539
ZNF148,-0.46362004711293225,0.09729558460256343
ZNF14,-0.17524780830592,0.11006577046959029
ZNF154,-0.44450092512827744,0.07191214730010509
ZNF155,-0.21536530349815014,0.1128573914335624
ZNF157,-0.5275313762943973,0.1237882410999625
ZNF160,-0.5596876246678375,0.09430311330072504
ZNF165,-0.38958674268827775,0.09360888556502843
ZNF169,-0.1830787280520682,0.06798398900082593
ZNF16,-0.404749245765824,0.1068730128522485
ZNF174,-0.3726907773912294,0.07296575849935019
ZNF175,-0.336562386814255,0.08883689015398155
ZNF177,-0.2240351197031509,0.06513135981950684
ZNF17,-0.510642478876755,0.09917129690400653
ZNF180,-0.445368364865878,0.07319347313845505
ZNF181,-0.41961826899674237,0.09672203334400946
ZNF182,-0.08003634401564443,0.06847730700782302
ZNF184,-0.20737570071214917,0.07072221327964763
ZNF189,-0.5972727393633118,0.07671227517290316
ZNF18,-0.4292259102476726,0.049491566281559145
ZNF195,-0.2363999020567338,0.06085707290367785
ZNF197,-0.49505877650567165,0.09678223733102434
ZNF19,-0.19623700739817992,0.08846037249383266
ZNF200,-0.4749452423777114,0.06064541947934606
ZNF202,-0.17649474235390827,0.07485512370905639
ZNF205,-0.09077321100484571,0.07775443121019435
ZNF208,-0.2976127488852905,0.1371714386060073
ZNF20,-0.48520409547937904,0.14198021328082466
ZNF211,-0.20274637305258808,0.07252952513674657
ZNF212,-0.42771215732918494,0.10064299732977058
ZNF213,-0.5019776879121016,0.09312363358825088
ZNF214,-0.22847287928229765,0.08004079684380203
ZNF215,-0.34397765010478154,0.09057366968945377
ZNF217,-0.4485500637649267,0.06994043040780776
ZNF219,-0.3425880054063501,0.13744089475690854
ZNF221,-0.8626526107431353,0.12226796516539008
ZNF222,-0.3647803755479915,0.07712136519849425
ZNF223,-0.42851692029370225,0.08667333974982065
ZNF224,-0.4442014556516274,0.08197933348173005
ZNF225,-0.061868256499310444,0.1290648167748614
ZNF226,-0.4679266072887814,0.09605846833968616
ZNF227,-0.370546059321556,0.10206972300142592
ZNF229,-0.1999434532822671,0.08257132581540182
ZNF22,-0.3209790051841085,0.06729217543230348
ZNF230,-0.42923836598539156,0.1048937544278808
ZNF232,-0.2363481942061403,0.050132830334729775
ZNF233,-0.35207653151031554,0.08343219879806879
ZNF234,0.03201521556216165,0.07317437943599386
ZNF235,-0.13262527714654337,0.10049854612910596
ZNF236,-0.19508933407835718,0.059668844493347785
ZNF239,-0.519067994915419,0.08161716654942255
ZNF23,-0.3311895801497894,0.059522214826705944
ZNF248,-0.455841398284748,0.08350242481155434
ZNF24,-0.49264959805428676,0.09466612507917847
ZNF250,0.04420990645399719,0.07566838751552935
ZNF251,-0.17476661997598153,0.07086812302072595
ZNF253,-0.34714857500768215,0.07085165361694237
ZNF254,-0.6857611989669561,0.106138443935739
ZNF256,-0.23565897654351228,0.1132806591475865
ZNF257,-0.25648894951820467,0.08329273002750978
ZNF25,-0.5441817988946339,0.07485012225270672
ZNF260,-0.5715159556908972,0.09165621315767884
ZNF263,-0.24273917492021183,0.08403915623292244
ZNF264,-0.177374959874342,0.08812594568665222
ZNF266,-0.7656902532155674,0.12432825001239795
ZNF267,-0.6857455157029725,0.07814604710672085
ZNF268,-0.24471624350510715,0.0835472791350641
ZNF26,-0.5272794567456118,0.12209591706717526
ZNF273,-0.4782393633189887,0.0914113280119399
ZNF274,-0.5805193367005012,0.07241600518338578
ZNF275,-0.3320777729639019,0.1556184297937004
ZNF276,-0.38304648158692683,0.06489012599636629
ZNF277,-0.4411359758619431,0.07652388000426133
ZNF280A,-0.37495404399729443,0.08019965624613414
ZNF280B,-0.23343897071583528,0.0890579690505061
ZNF280C,-0.27994174991906323,0.0685840115452792
ZNF280D,-0.34599299213519646,0.08123017214517377
ZNF281,-0.31906362327426563,0.09944270471351352
ZNF282,-0.05673879489481092,0.0919000652239002
ZNF283,0.028623536663111165,0.08008351015305623
ZNF284,-0.2343646226498546,0.08192281360875249
ZNF285,-0.31402377598494974,0.07842763124723633
ZNF286A,-0.2743892639636409,0.1343147724916661
ZNF286B,0.012811890349145573,0.07704933507795063
ZNF287,-0.11845579996706693,0.1432429952766598
ZNF28,-0.5429458195690061,0.10705677832074993
ZNF292,-0.3270415758952949,0.07581270188667104
ZNF296,-0.4027696260446707,0.14329490304791875
ZNF2,-0.2097135737871922,0.059130740750079576
ZNF300,-0.6673965501924797,0.10033560557642844
ZNF302,-0.2740301372997134,0.08985238864990945
ZNF304,0.17653458513355091,0.12272047076754017
ZNF30,-0.3840668462439279,0.10947836962402427
ZNF311,-0.04545468524665486,0.07101820071884117
ZNF317,-0.695268274590839,0.13718949463903304
ZNF319,-0.35191256002437094,0.08770193196057291
ZNF320,-0.3493649431004642,0.08724889918554553
ZNF322,-0.6102766734717976,0.073679689499159
ZNF324B,-0.10368923181198043,0.07290012963970027
ZNF324,-0.0794204136135579,0.09290508848297717
ZNF329,-0.20713791212868402,0.05979175940029799
ZNF32,-0.10552029863594457,0.12692907265960227
ZNF331,-0.18992497636940753,0.0759464193117761
ZNF333,-0.33474554787481137,0.0749292362976048
ZNF334,-0.5128808882583847,0.08497696636491825
ZNF335,-0.5199397146483977,0.10666358276113592
ZNF337,-0.3351694246513541,0.09908377287079928
ZNF33A,-0.3991710539026161,0.11337112575217592
ZNF33B,-0.3015423609707075,0.0917549053447597
ZNF341,0.08102192121679815,0.05356391811314359
ZNF343,-0.2608674768356744,0.10308956374921267
ZNF345,-0.1448598783840822,0.07995650807206701
ZNF347,-0.09535003264873233,0.08270077885359832
ZNF34,-0.22306169328769654,0.05434668046498391
ZNF350,-0.1808689516811725,0.10658224678940305
ZNF354A,-0.28918475843862324,0.09743221363424484
ZNF354B,-0.6278151799944272,0.0652646530098105
ZNF354C,-0.46218662305063113,0.06620936813572109
ZNF358,-0.3609896645960945,0.07321411668870864
ZNF35,-0.13765281250659475,0.08797827315303748
ZNF362,-0.4800329341933942,0.10618219721875255
ZNF366,-0.32256950799359674,0.09362673671666571
ZNF367,-0.27650383450471216,0.06434595193209264
ZNF37A,-0.034473340647102745,0.05232300548962124
ZNF382,-0.1915504722738515,0.090976659809445
ZNF383,-0.3031523947821238,0.08591999412430831
ZNF384,-0.4840198141378433,0.09303923399950874
ZNF391,0.14602254221758273,0.06320314281439562
ZNF394,0.14375542299072666,0.07222938931108018
ZNF396,-0.20932892738024864,0.11648804088170127
ZNF397,-0.372607171838845,0.0963661595030006
ZNF398,-0.4665593966942614,0.11300071195970783
ZNF3,-0.5517979248261544,0.11845311889046516
ZNF404,-0.45346389590705916,0.10878699338576711
ZNF407,-0.33767663232528156,0.09605440519161085
ZNF408,-0.15211706388792373,0.0962510336885707
ZNF410,-0.0553227586265766,0.05109119852618089
ZNF414,-0.2969797060112979,0.07753922495641126
ZNF415,-0.37479874016525483,0.11721365445620711
ZNF416,-0.5180310003690188,0.13213643326768396
ZNF417,0.012508524810853681,0.0954058331643715
ZNF418,-0.5875290650094187,0.13273926246931483
ZNF419,-0.3464213657905773,0.10492076307161322
ZNF41,-0.34506159869251185,0.13167591644610468
ZNF420,-0.4693553867658572,0.16326235940277406
ZNF423,-0.5086459519874714,0.10445688379064408
ZNF425,-0.6086535241304236,0.11763848353301946
ZNF426,-0.48918993328728255,0.10562330066537973
ZNF429,-0.5450528923643381,0.09864564391604268
ZNF430,-0.625031748424397,0.13518504818402236
ZNF431,-0.28870278311886294,0.10515582763324559
ZNF432,0.15970333030106715,0.06804924395137808
ZNF433,-0.5266931828860901,0.08207186541700531
ZNF436,-0.40849556422755645,0.12758100530955924
ZNF438,-0.16360065869338547,0.08130845092727626
ZNF439,-0.02664187184899682,0.08388788530124913
ZNF43,-0.4849992894017278,0.14567658549549442
ZNF440,-0.3802427838670318,0.0759132553902069
ZNF441,-0.2896910390860716,0.09498913421088544
ZNF442,-0.5793384949057616,0.07721068813454116
ZNF443,-0.399693585384875,0.08448456927081352
ZNF444,-0.355990709211238,0.09181321258961787
ZNF445,-0.2827347359270408,0.12309790047326671
ZNF446,-0.469327049687929,0.10317197657186193
ZNF449,-0.1720240457422449,0.07946888771622652
ZNF44,-0.27057107857205037,0.06601513632413267
ZNF451,0.1244543762449378,0.06293774830825781
ZNF454,-0.35978949129508425,0.08049315626146225
ZNF45,0.13169641090881293,0.1120793095284838
ZNF460,-0.490721653977239,0.11251046705870718
ZNF461,-0.6141679934804235,0.11123383047589247
ZNF462,-0.18669174287075654,0.1007020636251591
ZNF467,-0.4190158421952669,0.06733469797756453
ZNF468,-0.559066866451686,0.10880535150161043
ZNF470,-0.32222951331313954,0.1002275222645158
ZNF471,-0.5384218424250433,0.10097670401528769
ZNF473,-0.6135077484942285,0.10485103056449799
ZNF479,-0.368223584355363,0.07387686448816516
ZNF480,-0.1551145640817944,0.11316710546797541
ZNF483,-0.20820636610666265,0.1219854890346707
ZNF484,-0.6165276435107411,0.10679932240427345
ZNF485,-0.13716670109839135,0.06450415284883088
ZNF486,-0.19453850514673243,0.10064487014018683
ZNF488,-0.22551811161685792,0.10911216200599817
ZNF48,-0.0594526941775194,0.08709811822352577
ZNF490,-0.42922275691060446,0.09566359443578747
ZNF491,-0.16184067230672364,0.1022150766678154
ZNF492,-0.3894738531000914,0.08708871253960852
ZNF493,-0.6225150234604263,0.19730266740312044
ZNF496,-0.20354772424763487,0.06708633700600572
ZNF497,-0.5331890953804397,0.04692706950116353
ZNF500,-0.2723898548566174,0.10982241590526268
ZNF501,-0.1772864934971596,0.054961808652984084
ZNF502,-0.3285023149546665,0.0865232545011159
ZNF506,-0.0942763585227652,0.07174485196468063
ZNF507,-0.4216243357504304,0.059771442860424205
ZNF510,-0.3046522074898877,0.14145529981868155
ZNF511,-0.38341687558103227,0.08133246794601104
ZNF512B,-0.46987665076483476,0.12784580809563983
ZNF512,-0.23109375939693694,0.08965154093194957
ZNF513,-0.07427344852945995,0.07060226365415151
ZNF514,-0.22867026888624897,0.07190776809148203
ZNF516,0.03570035050151759,0.07464828807750991
ZNF517,-0.020496186618101996,0.08127311199603188
ZNF518A,-0.5361721349216012,0.1267857446169785
ZNF518B,-0.43129934962523414,0.1101883048202118
ZNF519,-0.5244916836300769,0.08239145060849608
ZNF521,-0.233291120222986,0.06875412642579204
ZNF524,-0.4304881539903861,0.06543579712268711
ZNF525,-0.3026643498211781,0.1137518636184681
ZNF526,-0.47899187023742823,0.10516964768289612
ZNF527,-0.7331545422911165,0.13226413667603704
ZNF528,0.03287977724537815,0.09677541398872452
ZNF529,-0.2952868212777991,0.07522735525276114
ZNF530,-0.06692804886439827,0.1112617818611989
ZNF532,-0.1107315255804775,0.08536998720092255
ZNF534,-0.11428753133457112,0.08196741366143843
ZNF536,-0.32686982736820847,0.1155933138294291
ZNF540,-0.3840958371380351,0.06680461498823106
ZNF541,-0.3815373168649519,0.06999206592793579
ZNF543,-0.5121796158969629,0.06574728396643843
ZNF544,-0.7056837838032305,0.1528689604351847
ZNF546,-0.5471681955112342,0.07059061829773601
ZNF547,-0.5328702455738523,0.08143744784934695
ZNF548,-0.18746056936688316,0.12404197241576354
ZNF549,0.10569765198343903,0.14429509641044755
ZNF550,-0.3058692225623848,0.08327097499111788
ZNF551,-0.22757570696293158,0.08296469832403844
ZNF552,-0.588318462563385,0.1585412102747352
ZNF554,0.0366580161694422,0.07514079528123482
ZNF555,-0.15043054886363139,0.10306923992679451
ZNF556,-0.4686140735809502,0.11740776492608741
ZNF557,-0.5718254918676521,0.07970870021660072
ZNF558,-0.6446478148954249,0.09837507102261187
ZNF559-ZNF177,-0.3900750630617443,0.12601049547486903
ZNF559,-0.35075206947262183,0.25232186835592496
ZNF560,-0.14968196082203164,0.08957316373818237
ZNF561,-0.37643330456459984,0.09282022967226446
ZNF562,-0.18980714082090488,0.10386114933408902
ZNF563,-0.11121309990354197,0.07756297771547786
ZNF564,-0.36297246819670836,0.08748077428356649
ZNF565,-0.36189036564858407,0.0924126367723787
ZNF566,-0.40851589333317484,0.0727070903957917
ZNF567,-0.5021986540371258,0.11488980560211158
ZNF568,-0.3149383753211756,0.12494564300332459
ZNF569,-0.5266381087873842,0.10479023986645386
ZNF570,-0.37677258879954706,0.0886401034366757
ZNF571,-0.4012677996782145,0.09474009493118203
ZNF572,-0.20209084176120626,0.09461048509389017
ZNF573,-0.535630842715285,0.09806882400293122
ZNF574,0.3097875346255869,0.0918345168753408
ZNF575,0.39474763606974705,0.059859196849337576
ZNF576,-0.4102579304318198,0.09748541176978533
ZNF577,-0.23879870874696368,0.08842639525901722
ZNF578,-0.5210548543609045,0.10346148136207664
ZNF579,-0.6225661980900004,0.11436126413085786
ZNF57,-0.21686805023069036,0.11543805239726644
ZNF580,-0.5428516525496272,0.10399021775839458
ZNF581,-0.6590829302720854,0.1356654637077044
ZNF582,-0.2684644272143296,0.08259052726254272
ZNF583,-0.4988500951359447,0.11456550694354671
ZNF584,-0.153747382780138,0.0828906426481908
ZNF585A,-0.16031163446412836,0.0605252876073146
ZNF585B,-0.6224948495414468,0.1232513131525234
ZNF586,-0.7005778063090987,0.09150527136177343
ZNF587B,-0.23568320855818703,0.09517226559558682
ZNF587,-0.04798977425051966,0.0647692769957744
ZNF589,-0.18689725252860856,0.13410676643795794
ZNF592,-0.4557871347294737,0.07838381009432913
ZNF593,-0.212493407019681,0.10591706559438036
ZNF594,-0.07831347967566045,0.06927829968306763
ZNF595,-0.2112545562115551,0.1450875810732275
ZNF596,0.22712255398736947,0.07733711427990804
ZNF597,-0.5412902576379784,0.1031265609779362
ZNF599,-0.5030168787839938,0.13045096796652508
ZNF600,-0.3435978066694055,0.06418706964196091
ZNF605,-0.5163891390392229,0.07240944538770241
ZNF606,-0.3407029834966734,0.06965083886871425
ZNF607,-0.43796039732353426,0.12100011189088428
ZNF610,-0.09453429296021823,0.05726202921908563
ZNF611,-0.17607192344141526,0.062498405636988205
ZNF613,-0.3616170998164084,0.08845097642358823
ZNF614,-0.36803327783095663,0.07239162941105612
ZNF615,0.04836809625159737,0.10893448435466256
ZNF616,-0.29933618335158124,0.09960851068330008
ZNF618,-0.20341821575224112,0.06474207981594245
ZNF619,-0.47848706495958204,0.07767040888993561
ZNF620,-0.17372412951774302,0.07828388796193171
ZNF621,-0.2501466433582268,0.10461199252289285
ZNF623,-0.3759736119252453,0.11207809865686721
ZNF624,-0.3046568035179985,0.09078913036229207
ZNF625,-0.42353745223197375,0.11383835468393264
ZNF626,-0.23509844472005717,0.09502290544660395
ZNF627,-0.3229256320477485,0.14846429709167533
ZNF628,-0.7299520069799207,0.1898666423485445
ZNF629,-0.2876298720957944,0.12460611636744418
ZNF630,-0.2724415725352732,0.09499685388641439
ZNF639,-0.2907064688953762,0.08643734986331332
ZNF641,-0.4308943127315815,0.10890578099711574
ZNF644,-0.3799294823917776,0.08750518309229355
ZNF646,-0.3978944052321093,0.08569346971380797
ZNF648,-0.5053736673363053,0.14265191321250703
ZNF649,-0.5735946020914092,0.14515870498824224
ZNF652,-0.41888449171920894,0.062245301156682746
ZNF653,-0.3701708147599221,0.0860941442952643
ZNF654,-0.2605974483646027,0.09604885884382984
ZNF655,-0.3296439130436335,0.06000243331023498
ZNF658,-0.5024617855275756,0.11227068385796593
ZNF660,-0.36238352221693276,0.08426827128883126
ZNF662,-0.48729286125264426,0.08067771128643572
ZNF664,-0.4551178417695156,0.0939352729097864
ZNF665,-0.1419962592613704,0.08052543135449702
ZNF667,0.12432603248018893,0.09878489407172743
ZNF668,-0.6035998980674572,0.07376524746050216
ZNF669,-0.4259900725468089,0.11956979085510003
ZNF670,-0.4337202926209709,0.11117888025923776
ZNF671,-0.632258473694325,0.09151343454504603
ZNF672,-0.5102096338073585,0.07521544099381754
ZNF674,-0.302892154414878,0.10181858979972203
ZNF675,-0.1957869083352219,0.09107134335262157
ZNF676,0.04779778641919263,0.0964303727506377
ZNF677,-0.47811555494716895,0.10864420887645114
ZNF678,-0.06856795723480179,0.13511371254271473
ZNF679,-0.10313532975237669,0.09280427971171576
ZNF680,0.04591821599666691,0.07362051144938711
ZNF681,-0.33908293652088795,0.12162781928870195
ZNF682,-0.38974192389190243,0.10903897089584656
ZNF683,-0.12042628463114212,0.1203579005288624
ZNF684,-0.35176043228285314,0.07581946003044589
ZNF687,-0.545360054124237,0.07804492310827181
ZNF688,-0.20988283902237923,0.11532131803250303
ZNF689,-0.4040012668157981,0.07809518464949645
ZNF691,-0.302520762605683,0.1271703481508872
ZNF692,-0.22530655216799603,0.0814496408239632
ZNF695,-0.6210959643287499,0.1040774502752449
ZNF696,0.04044718819634614,0.07937849011789487
ZNF697,-0.37291438797877613,0.08409890744510758
ZNF699,-0.3892380023145439,0.07373774432622088
ZNF69,-0.40204442598009454,0.06709478903635661
ZNF700,-0.5760050879674791,0.11305442195718353
ZNF701,-0.19831368993294804,0.08506565231697079
ZNF705A,-0.3314470031626051,0.10161822574664144
ZNF705B,-0.3320064691283167,0.15127323474086868
ZNF705D,-0.3089431024739089,0.12129080897240294
ZNF705G,-0.561042215254469,0.12407049535210783
ZNF707,-0.20695380189133356,0.07240368044211287
ZNF708,-0.3707714082018115,0.0764203889027267
ZNF709,-0.3122549844653752,0.07228948264727235
ZNF70,0.10050126080137431,0.07177473157948222
ZNF710,0.07103872177641499,0.09114723251978442
ZNF711,-0.3128953834565635,0.12104806190980659
ZNF713,-0.10399205203744714,0.1057154522902663
ZNF714,-0.6200149123158024,0.14809655751994097
ZNF716,0.02313861035431073,0.07265817951578937
ZNF717,-0.4029602717384735,0.061110420263955544
ZNF718,-0.2546607183090824,0.0786635277552906
ZNF71,-0.15799229423313463,0.12918901552730847
ZNF721,-0.5337259265860516,0.12583850983617614
ZNF726,-0.09379897223128196,0.07853764521570675
ZNF727,-0.7467020628951866,0.13711578685961212
ZNF728,-0.20896556083904105,0.09744965568259173
ZNF729,-0.5286840362284125,0.13892597884085459
ZNF730,-0.4785438328788325,0.07680179382956323
ZNF732,-0.37789127845318093,0.07930688413724714
ZNF735,-0.2918742726865939,0.08282044579907215
ZNF736,-0.39533670550190697,0.10294238818836199
ZNF737,-0.35275856485827206,0.0853541687831711
ZNF740,-0.16824811034000012,0.09675976876654072
ZNF746,-0.38607480804141525,0.09841302047731348
ZNF747,-0.34457159417195726,0.1803412388176326
ZNF749,-0.3025300944422276,0.07940601892122255
ZNF74,-0.4861087934787096,0.15134512347787044
ZNF75A,-0.15962509169965414,0.08314855402421281
ZNF75D,-0.36063370714462306,0.1413495580233785
ZNF761,-0.6616627614000723,0.12056001201977185
ZNF763,-0.06478764711891415,0.09744536135346324
ZNF764,-0.2413571627078809,0.07975581750744634
ZNF765,-0.4630792862706816,0.09282220724652568
ZNF766,-0.550287833856904,0.10615555775364567
ZNF768,-0.25218346167656197,0.07618075273493036
ZNF76,-0.5534823173901557,0.07977599283530055
ZNF770,-0.4490401195545005,0.05366689078125139
ZNF771,-0.36859783341804797,0.06902897302729544
ZNF772,0.34165891408927423,0.05847711307479285
ZNF773,-0.2963149397466367,0.09114946144766163
ZNF774,-0.3638951887463205,0.0970260250889242
ZNF775,-0.2377364000765648,0.08465902019288801
ZNF776,-0.5740311237624163,0.08988645697992494
ZNF777,-0.38646025557554325,0.08926627720350151
ZNF778,-0.3759441867677702,0.075947236363537
ZNF77,-0.13860143462777855,0.08955328713864838
ZNF780A,0.008902419001822424,0.06973044768040021
ZNF780B,-0.31412944200543536,0.08791346046319037
ZNF781,-0.18605946699454531,0.08109850602161683
ZNF782,0.08213559529227736,0.08246202225679275
ZNF783,-0.5028255165426899,0.062241094627146255
ZNF784,-0.3012134707146986,0.06985892700886144
ZNF785,-0.6211941531612435,0.12923644566519044
ZNF786,-0.38283688645188946,0.10465680899151823
ZNF787,-0.17655999151314078,0.07490817940303161
ZNF789,0.024169804963928596,0.07602630001712209
ZNF790,-0.6864298085356223,0.09342456632199082
ZNF791,-0.4533106022439968,0.08797807252358386
ZNF792,-0.3113880044144192,0.09196699400051651
ZNF793,0.015858058248919733,0.10504361169704501
ZNF799,-0.38846420694573813,0.0694160686041516
ZNF79,-0.20089319366410843,0.06807808740068323
ZNF7,-0.40697708971318575,0.12564054852742637
ZNF800,-0.2501182052399236,0.0880316428528915
ZNF805,-0.4789065079163756,0.12457722571847141
ZNF808,-0.1930034619622565,0.07669540995700821
ZNF80,-0.4092585253918901,0.13250810088091486
ZNF813,0.0754597621535945,0.09568003925858867
ZNF814,-0.0632300080629225,0.05862102713507014
ZNF816,-0.4146462471339081,0.09264853413519855
ZNF81,-0.19967278116159504,0.08553493962897864
ZNF821,-0.3568912206302519,0.0667109574978374
ZNF823,-0.27523245580173133,0.08247870220087664
ZNF827,-0.1794144046969572,0.1653405396423389
ZNF829,-0.24634942372622554,0.061104448859261105
ZNF831,-0.4893379974854736,0.13833623993103597
ZNF835,-0.030011999191200137,0.11114606838253488
ZNF836,0.07066213329403198,0.07724511964081401
ZNF837,-0.3182161567904973,0.10115911912681042
ZNF83,-0.38422396152567295,0.0926776745575858
ZNF841,-0.4351075331254283,0.11055637576609598
ZNF844,-0.4238279066360213,0.07004177420617878
ZNF845,-0.6090230695157465,0.15523624947332765
ZNF846,-0.5105597543446998,0.09863628438038481
ZNF84,-0.27709355190819324,0.07170840160375183
ZNF850,-0.5937355769310293,0.14696156363569177
ZNF852,-0.1943127075580065,0.10745704214811197
ZNF853,-0.13769363005421953,0.0668288927719808
ZNF85,-0.6839723053516005,0.20442425722160568
ZNF860,-0.5912029162987879,0.14059152848093204
ZNF865,-0.39929028796996285,0.07357008390936379
ZNF875,-0.2838273608132227,0.08435728215900805
ZNF878,-0.19878956452483215,0.08742476605961307
ZNF879,-0.38328837989832526,0.07510902677075272
ZNF880,-0.4073141992592659,0.08783295893948016
ZNF883,-0.286065618397609,0.07771263468387604
ZNF891,-0.4403440132165791,0.10921711145397119
ZNF8,-0.21720445964503413,0.0690134677015014
ZNF90,-0.35873881392613843,0.09413876703890013
ZNF91,-0.21086643304707547,0.12690205139074034
ZNF92,-0.18854896108226,0.07653778778269604
ZNF93,-0.1594485768750532,0.10195327872052289
ZNF98,-0.23869793076695717,0.09826035421985531
ZNF99,-0.7297559721199526,0.1093608861316485
ZSCAN10,-0.6473881074434702,0.17201296312249917
ZSCAN12,-0.4180735245008276,0.09565175962357166
ZSCAN16,-0.4727165341689548,0.08063188033985662
ZSCAN18,-0.09056310342866318,0.0708589240266884
ZSCAN1,-0.37022575334372243,0.07519857213931297
ZSCAN20,-0.3344354929398123,0.08747720969378847
ZSCAN21,-0.18608207075165079,0.09164464028788419
ZSCAN22,-0.1494784801716623,0.10893112601363876
ZSCAN23,-0.5221127185245599,0.11090909305545087
ZSCAN25,-0.4512184096512094,0.10590033825733008
ZSCAN26,-0.479154893032924,0.0649359408933147
ZSCAN29,-0.21696725858695984,0.08417430184884797
ZSCAN2,-0.569961679768226,0.07360277931934961
ZSCAN30,-0.3607103480770699,0.12171984510377956
ZSCAN31,0.008827670311548847,0.10415905394268016
ZSCAN32,0.1012913289263854,0.08549107427167647
ZSCAN4,0.09167086371881238,0.07385477770332724
ZSCAN5A,-0.05807674123532471,0.0880827745547366
ZSCAN5B,-0.19710610905437695,0.07358355340432257
ZSCAN9,-0.6648485052785283,0.16346831050450095
ZXDA,-0.8077923755245692,0.11635600885902077
ZXDB,-0.22094736064940834,0.06734022532129093
ZXDC,-0.4192508413025811,0.061173572066133976
ZZZ3,0.05014170513478102,0.1145745124899521
off-target,-0.07906311390006474,0.020002569727085234
